HVH_107_21_000001_000001	0
HVH_107_21_000001_000002	御製皇越律创序
HVH_107_21_000001_000003	6290
HVH_107_21_000001_000004	朕惟聖人治天下刑罰之共德化未嘗偏盖民生有欲世故
HVH_107_21_000001_000005	無疲非利以防之無以八教而知德故曰刑者輔治虚乎哉令
HVH_107_21_000001_000006	出
HVH_107_21_000001_000007	者刑罰之所例也古者議事以制不為刑辟业刑群不為哉民醇俗
HVH_107_21_000001_000008	簡容可果也風會既降民偽日滋刑不足以勝科條不足以應
HVH_107_21_000001_000009	用故徐创足定或有增加登非古議異宜而律之必不可间我朝
HVH_107_21_000001_000010	以来具有今典自經西山之度綱論法巧詐横的事式有詞簡則理
HVH_107_21_000001_000011	未明愚者情於超避頑者易弄而容下心出八無所
HVH_107_21_000001_000012	世非仁者之所隐哉朕颊
HVH_107_21_000001_000013	列聖之前十借札温一字理每以教化为先而於刑之間尤
HVH_107_21_000001_000014	致意技問歷代利書我越丁陳黎之典一代有一代之制而備洪德
HVH_107_21_000001_000015	北朝漢唐宋明之央律令之書代有修改而備於大清命廷臣準歷
HVH_107_21_000001_000016	朝令典参以洪德清朝條律取合停務止當集成朕親自
HVH_107_21_000001_000017	放行大下使知禁防大典为然如日月之無所隐总展凛然如雷处
HVH_107_21_000001_000018	之不不守之更得奉以为明法而愚之民易避难纪以善
HVH_107_21_000001_000019	而罪出刑而八教不犯有司用于予正庶幾刑措之隆字不斯
HVH_107_21_000001_000020	'
HVH_107_21_000001_000021	©
HVH_107_21_000002_000001	圖总服喪
HVH_107_21_000002_000002	孫為祖父母服斬之類是也降服者情不可殺而分有所制故自重以
HVH_107_21_000002_000003	服之類是也加服者分本非其所服而礼主於進故自輕以從重如
HVH_107_21_000002_000004	斬服之類是也義服親雖異子所生而其分同則以義為之服如為舅
HVH_107_21_000002_000005	表有正服義服加服降服四等正服者於情分皆当之服者子母
HVH_107_21_000002_000006	丧三辰也五月之丧二辰也月之丧一辰也礼由心生所不能月已者留
HVH_107_21_000002_000007	為隆殺然肾法乎天道焉小曰再期之丧三年也期之丧二年也九月之
HVH_107_21_000002_000008	滅之準也服有五本之五世有親之分而制等其年月之異雖以思之厚薄
HVH_107_21_000002_000009	李氏幾輝之律有而载丧服者所以明服刑之輕重使定罪也由此為應加
HVH_107_21_000002_000010	之
HVH_107_21_000002_000011	边
HVH_107_21_000002_000012	之
HVH_107_21_000002_000013	之爲
HVH_107_21_000002_000014	三月下T
HVH_107_21_000002_000015	為
HVH_107_21_000002_000016	爲
HVH_107_21_000002_000017	逢
HVH_107_21_000002_000018	不杖期之
HVH_107_21_000002_000019	市
HVH_107_21_000002_000020	市
HVH_107_21_000002_000021	市
HVH_107_21_000002_000022	斬衰
HVH_107_21_000002_000023	小
HVH_107_21_000002_000024	功
HVH_107_21_000002_000025	總
HVH_107_21_000002_000026	麻
HVH_107_21_000002_000027	齊灵
HVH_107_21_000002_000028	熟
HVH_107_21_000002_000029	為市
HVH_107_21_000002_000030	熟
HVH_107_21_000002_000031	赢
HVH_107_21_000002_000032	大
HVH_107_21_000002_000033	期
HVH_107_21_000002_000034	三年
HVH_107_21_000002_000035	细
HVH_107_21_000002_000036	麻
HVH_107_21_000002_000037	粗
HVH_107_21_000002_000038	粗
HVH_107_21_000002_000039	粗用
HVH_107_21_000002_000040	稍用
HVH_107_21_000002_000041	五月
HVH_107_21_000002_000042	稍用
HVH_107_21_000002_000043	稍用
HVH_107_21_000002_000044	是顧哉遂命書以为序
HVH_107_21_000002_000045	1
HVH_107_21_000002_000046	7
HVH_107_21_000002_000047	边下缝不之为市麻粗至用
HVH_107_21_000002_000048	大力力
HVH_107_21_000003_000001	pn
HVH_107_21_000003_000002	從輕如女子已嫁為父母降期之類是也
HVH_107_21_000003_000003	斬衰三年
HVH_107_21_000003_000004	儿来服上日衰下曰裳衰之為言惟也不揖也用極粗生麻市为之
HVH_107_21_000003_000005	其衣旁及下際背不上除缝内外背有負版以表其负荷悲哀
HVH_107_21_000003_000006	也用市方七寸於领下垂前当心有哀明孝子有哀推之
HVH_107_21_000003_000007	心也用布長六寸廣四寸於左之前左右有辟領雨腋之下有
HVH_107_21_000003_000008	袱垂之向下如燕尾以掩裳旁際
HVH_107_21_000003_000009	前有三幅後有四幅縫内向前後不連前依三三帆謂於雨邊
HVH_107_21_000003_000010	相著而空其中也冠瓶湖為材長足跨預為三細俱向右是為三
HVH_107_21_000003_000011	積用麻絕一條從顧上約之至頂後交遇前各至耳結之為武武之徐絕
HVH_107_21_000003_000012	垂下為缨結於限下
HVH_107_21_000003_000013	腰經用絕為之雨股相交雨頭結之各存麻本散
HVH_107_21_000003_000014	垂其交結废两旁各綴細繁之所穿之履以营草爲之
HVH_107_21_000003_000015	其哭父杖用竹取其即著也父為子之天竹；圆象天竹贯四辰不
HVH_107_21_000003_000016	变子为父哀痛亦經寒暑不变也母用桐木桐之言同心同乎父其外
HVH_107_21_000003_000017	無取其節内存上半截圆以象天下半截方以象地然其根皆在下竹
HVH_107_21_000003_000018	桐一也其長與心齊者孝子哭泣無改身體赢病以扶疲疲從心起
HVH_107_21_000003_000019	4
HVH_107_21_000004_000001	0
HVH_107_21_000004_000002	'1
HVH_107_21_000004_000003	故放之高下以心鸟断、
HVH_107_21_000004_000004	齊衰林期
HVH_107_21_000004_000005	齐衰不核期
HVH_107_21_000004_000006	齊衰
HVH_107_21_000004_000007	齊衰三月
HVH_107_21_000004_000008	齊者也用次等粗生麻布為之而其旁及下際餘同斬衰
HVH_107_21_000004_000009	以希為武及缨、
HVH_107_21_000004_000010	用桐木为之不杖者不用
HVH_107_21_000004_000011	以疏草或麻為之
HVH_107_21_000004_000012	為母服三年而衰则齊者不敢增于天也今制为父母俱斬而齊
HVH_107_21_000004_000013	衰期年之服矣然不獨期年之褒服齐衰又有齊衰五月齊衰三
HVH_107_21_000004_000014	月者高曾祖父毋與之尊異于常親故服之月之降而服制
HVH_107_21_000004_000015	不為之降不敢以卑者之服尚尊者服也
HVH_107_21_000004_000016	大功九月大功者以為之用功粗大谷之服以九月為物之終也
HVH_107_21_000004_000017	小功五月小功者其布用功細小自大功而降服以五月為陽之終也
HVH_107_21_000004_000018	總麻麻冶其緩細如也古總麻二字通用以極細蒸布如级者
HVH_107_21_000004_000019	衣乃五服皮之極輕者服以三月為季之終也
HVH_107_21_000004_000020	祝見
HVH_107_21_000004_000021	比五服之也免音服輕于總其制以市廣一寸
HVH_107_21_000004_000022	從項中而前交于额又却向後而于也几同五世祖族属在麻即為
HVH_107_21_000004_000023	絕服此处為祖免親遇則服素服尺布疆頭尺布纏頭不成服也
HVH_107_21_000004_000024	7
HVH_107_21_000004_000025	0
HVH_107_21_000005_000001	0
HVH_107_21_000005_000002	0
HVH_107_21_000005_000003	享
HVH_107_21_000005_000004	族兄弟
HVH_107_21_000005_000005	五族九宗本
HVH_107_21_000005_000006	祖
HVH_107_21_000005_000007	嫡孩父卒祖毋承
HVH_107_21_000005_000008	曾祖伯
HVH_107_21_000005_000009	膏泉
HVH_107_21_000005_000010	叔艾母
HVH_107_21_000005_000011	麻
HVH_107_21_000005_000012	曾祖
HVH_107_21_000005_000013	音衰
HVH_107_21_000005_000014	艾母
HVH_107_21_000005_000015	伯叔
HVH_107_21_000005_000016	小功
HVH_107_21_000005_000017	總庄
HVH_107_21_000005_000018	祖
HVH_107_21_000005_000019	新
HVH_107_21_000005_000020	文
HVH_107_21_000005_000021	伯叔
HVH_107_21_000005_000022	父母
HVH_107_21_000005_000023	期年
HVH_107_21_000005_000024	小功
HVH_107_21_000005_000025	族兄弟妻
HVH_107_21_000005_000026	堂风形要
HVH_107_21_000005_000027	無服
HVH_107_21_000005_000028	兄弟期
HVH_107_21_000005_000029	己
HVH_107_21_000005_000030	堂翅雲
HVH_107_21_000005_000031	子
HVH_107_21_000005_000032	超要大
HVH_107_21_000005_000033	物
HVH_107_21_000005_000034	W
HVH_107_21_000005_000035	儿男為人後者為生親属
HVH_107_21_000005_000036	期
HVH_107_21_000005_000037	商孤杨
HVH_107_21_000005_000038	娃孫
HVH_107_21_000005_000039	如识要
HVH_107_21_000005_000040	無服
HVH_107_21_000005_000041	底
HVH_107_21_000005_000042	曾娃
HVH_107_21_000005_000043	曾
HVH_107_21_000005_000044	曾
HVH_107_21_000005_000045	緦麻
HVH_107_21_000005_000046	無服
HVH_107_21_000005_000047	網底
HVH_107_21_000005_000048	元孫
HVH_107_21_000005_000049	重服新三年若為高伯
HVH_107_21_000005_000050	曾祖交母承重服亦同
HVH_107_21_000005_000051	總麻
HVH_107_21_000005_000052	再提兄弟
HVH_107_21_000005_000053	再從兄弟妻
HVH_107_21_000005_000054	2
HVH_107_21_000005_000055	無服
HVH_107_21_000005_000056	再埋要
HVH_107_21_000005_000057	無服
HVH_107_21_000005_000058	孝服背降一等本生
HVH_107_21_000005_000059	祖母
HVH_107_21_000005_000060	族伯叔
HVH_107_21_000005_000061	堂叔人母
HVH_107_21_000005_000062	堂兄弟
HVH_107_21_000005_000063	大功
HVH_107_21_000005_000064	堂堤功
HVH_107_21_000005_000065	堂经环妻
HVH_107_21_000005_000066	EM
HVH_107_21_000006_000001	®
HVH_107_21_000006_000002	G
HVH_107_21_000006_000003	圖之服正服
HVH_107_21_000006_000004	姑姉妹女及孫女在室或
HVH_107_21_000006_000005	已出嫁被出而歸服並男
HVH_107_21_000006_000006	子同出嫁無夫與子為兄弟姉妹
HVH_107_21_000006_000007	皆不期
HVH_107_21_000006_000008	三月
HVH_107_21_000006_000009	一五月不核期年年、
HVH_107_21_000006_000010	出嫁無服出旅總底出小
HVH_107_21_000006_000011	在空床在空小功
HVH_107_21_000006_000012	在空底在空小功在空
HVH_107_21_000006_000013	出無服出嫁總成出無服
HVH_107_21_000006_000014	族姑
HVH_107_21_000006_000015	出嫁無
HVH_107_21_000006_000016	族姉妹
HVH_107_21_000006_000017	左空
HVH_107_21_000006_000018	再從再從接
HVH_107_21_000006_000019	子最孩琳曾孫婦元孫
HVH_107_21_000006_000020	為祖及高曾祖不降爲
HVH_107_21_000006_000021	為兄弟之妻不降
HVH_107_21_000006_000022	兄弟之為父後者不降
HVH_107_21_000006_000023	父母父母父母
HVH_107_21_000006_000024	母
HVH_107_21_000006_000025	身
HVH_107_21_000006_000026	曾祖姑
HVH_107_21_000006_000027	在室麻在空小
HVH_107_21_000006_000028	相姑
HVH_107_21_000006_000029	在室期年
HVH_107_21_000006_000030	姑
HVH_107_21_000006_000031	在空期年
HVH_107_21_000006_000032	妹
HVH_107_21_000006_000033	在重期年
HVH_107_21_000006_000034	好女
HVH_107_21_000006_000035	在空小功
HVH_107_21_000006_000036	娃孫女曾娃孙女
HVH_107_21_000006_000037	在室度
HVH_107_21_000006_000038	出效無服出效底出旅大功
HVH_107_21_000006_000039	出嫁大功出大功
HVH_107_21_000006_000040	出效点
HVH_107_21_000006_000041	出無服
HVH_107_21_000006_000042	族祖苑
HVH_107_21_000006_000043	堂姑
HVH_107_21_000006_000044	堂姉妹堂女
HVH_107_21_000006_000045	堂姓女儿五世祖族属在總
HVH_107_21_000006_000046	有本身而上曰父祖曾高自本身而下曰子孩曾元此本宗九族之服制也
HVH_107_21_000006_000047	律称祖者同称孫者曾元同曾高祖曾元孫照祖宗同科不依服制
HVH_107_21_000006_000048	各律有不開載祖父母而統称期親尊長者高曾亦同也
HVH_107_21_000006_000049	朝註
HVH_107_21_000006_000050	嫡孩承重無嫡長則以嫡次不以庶長也若長房絕嗣則為立
HVH_107_21_000006_000051	承重次房無承重之礼须细参官员衰蔭者立嫡遣法二條
HVH_107_21_000006_000052	朝為人後之子出嫁之女為本宗之宗之親皆降服一等惟出嫁女
HVH_107_21_000006_000053	為祖父毋曾高祖父母及兄弟之為父後者不降然為後出嫁與
HVH_107_21_000006_000054	本宗生相有依降服論者有不依降服論者自照本谷律
HVH_107_21_000006_000055	E
HVH_107_21_000007_000001	本宗五眼以外相侵犯照無服親定外姻属必内載明無服者方准後減
HVH_107_21_000007_000002	夫族兄弟
HVH_107_21_000007_000003	妻女夫為祖父母及高曾祖父
HVH_107_21_000007_000004	母承重者提夫服
HVH_107_21_000007_000005	夫族伯叔夫再徒兄夫再
HVH_107_21_000007_000006	祖父母
HVH_107_21_000007_000007	無服
HVH_107_21_000007_000008	弟
HVH_107_21_000007_000009	無服
HVH_107_21_000007_000010	無服
HVH_107_21_000007_000011	無服
HVH_107_21_000007_000012	麻满夫母舅女母嫂服恶麻
HVH_107_21_000007_000013	首礼要為夫外祖父母服認
HVH_107_21_000007_000014	今制俱無、
HVH_107_21_000007_000015	夫族伯权夫堂伯叔
HVH_107_21_000007_000016	祖文母
HVH_107_21_000007_000017	無服
HVH_107_21_000007_000018	父母
HVH_107_21_000007_000019	認麻
HVH_107_21_000007_000020	夫堂第夫堂好夫堂姓
HVH_107_21_000007_000021	及妻
HVH_107_21_000007_000022	腮麻
HVH_107_21_000007_000023	孫總麻
HVH_107_21_000007_000024	夫当伯权
HVH_107_21_000007_000025	祖父母
HVH_107_21_000007_000026	無服
HVH_107_21_000007_000027	夫伯叔祖夫伯叔父
HVH_107_21_000007_000028	父母
HVH_107_21_000007_000029	麻、
HVH_107_21_000007_000030	大功
HVH_107_21_000007_000031	母
HVH_107_21_000007_000032	及要
HVH_107_21_000007_000033	小功
HVH_107_21_000007_000034	孫思麻
HVH_107_21_000007_000035	夫高祖夫曾祖夫祖
HVH_107_21_000007_000036	總
HVH_107_21_000007_000037	總
HVH_107_21_000007_000038	大靳衰
HVH_107_21_000007_000039	舅
HVH_107_21_000007_000040	二
HVH_107_21_000007_000041	夫君
HVH_107_21_000007_000042	长子
HVH_107_21_000007_000043	長于
HVH_107_21_000007_000044	绿琳
HVH_107_21_000007_000045	曾總元思
HVH_107_21_000007_000046	0
HVH_107_21_000008_000001	1
HVH_107_21_000008_000002	©
HVH_107_21_000008_000003	父母父母父母姑
HVH_107_21_000008_000004	麻
HVH_107_21_000008_000005	要衣夜
HVH_107_21_000008_000006	权
HVH_107_21_000008_000007	孙麻孙
HVH_107_21_000008_000008	圖服族
HVH_107_21_000008_000009	男妇降服大功
HVH_107_21_000008_000010	失为人後為本生
HVH_107_21_000008_000011	夫曾祖姑夫祖
HVH_107_21_000008_000012	無服
HVH_107_21_000008_000013	出嫁無服
HVH_107_21_000008_000014	夫族姑夫再従城味夫從经
HVH_107_21_000008_000015	在室妈康
HVH_107_21_000008_000016	夫姑
HVH_107_21_000008_000017	無服
HVH_107_21_000008_000018	夫姉妹夫娃女夫姬孫女人冒孫女
HVH_107_21_000008_000019	夫族姊娃
HVH_107_21_000008_000020	總麻
HVH_107_21_000008_000021	服無服
HVH_107_21_000008_000022	出嫁麻出嫁無服
HVH_107_21_000008_000023	在室小在空麻
HVH_107_21_000008_000024	為夫之庶母齐衰杖期
HVH_107_21_000008_000025	為夫之生母斬衰三年
HVH_107_21_000008_000026	無
HVH_107_21_000008_000027	在室廉在空
HVH_107_21_000008_000028	出嫁典服嫁周小坊
HVH_107_21_000008_000029	明
HVH_107_21_000008_000030	在室期年
HVH_107_21_000008_000031	出嫁大功
HVH_107_21_000008_000032	出嫁總磨出你無服
HVH_107_21_000008_000033	在家小功在室麻
HVH_107_21_000008_000034	夫堂祖姑夫堂姑夫堂妹夫堂好女夫女
HVH_107_21_000008_000035	無服
HVH_107_21_000008_000036	单妻為夫族之服其夫有同有異相犯者或共夫同論不依服制
HVH_107_21_000008_000037	或依服制不共同論或不依同制亦不共夫同論自照各本律
HVH_107_21_000008_000038	朝註妻為夫之姻妨妹皆小功堂姉妹總麻不分在室出嫁盖降於夫
HVH_107_21_000008_000039	已多不得再降也
HVH_107_21_000008_000040	畅註後服制齐衰杖期内子為嫁出母不言子之要同則無服矣或
HVH_107_21_000008_000041	謂母改嫁被出在夫未娶婦之前則無服若在已娶之後同夫服矣
HVH_107_21_000008_000042	堂好孫女曾孫女皆麻是言在室者末注出嫁無服待補之
HVH_107_21_000008_000043	0
HVH_107_21_000008_000044	4
HVH_107_21_000008_000045	0
HVH_107_21_000009_000001	景纂夫為人後者妻於夫後服属並同此其為本宗降服除舅
HVH_107_21_000009_000002	。
HVH_107_21_000009_000003	有專外餘俱随夫所降之等藏又服制齊衰不核期项下有母
HVH_107_21_000009_000004	為長子眾子一由此類推則比圖子孫不論是否已出服制皆同子孫
HVH_107_21_000009_000005	婦亦然
HVH_107_21_000009_000006	九
HVH_107_21_000009_000007	家是眾孫無服
HVH_107_21_000009_000008	嫡孫孫為庶祖母小功
HVH_107_21_000009_000009	家長花子期
HVH_107_21_000009_000010	家集
HVH_107_21_000009_000011	司
HVH_107_21_000009_000012	小功
HVH_107_21_000009_000013	期年
HVH_107_21_000009_000014	無服
HVH_107_21_000009_000015	家長祖艾母家長父母
HVH_107_21_000009_000016	年
HVH_107_21_000009_000017	家長嫡孫
HVH_107_21_000009_000018	为其父母降服期年
HVH_107_21_000009_000019	為其孫大功
HVH_107_21_000009_000020	上
HVH_107_21_000010_000001	1©
HVH_107_21_000010_000002	4
HVH_107_21_000010_000003	躺註
HVH_107_21_000010_000004	要者齊也謂與夫敵体也妄者側也謂得侍乎側也妻則欲夫妄則
HVH_107_21_000010_000005	家長明有别也翁之服妻與夫同妄降為期非之也赋之也妄與
HVH_107_21_000010_000006	家長同犯有同於妄者以谷分而之也有異於妻者以假赋而寬之也
HVH_107_21_000010_000007	全此圖言子而不言女夫子於妄無服而父妾為之服期年與父母為
HVH_107_21_000010_000008	子服同者盖婦人三從子居其一妾寔有專家長之子之義服期年
HVH_107_21_000010_000009	者非分之親乃義之重若家長之女谁同論矣可無服而其子服
HVH_107_21_000010_000010	期年者正父母為子服期之義則其親生之女亦應服期年出
HVH_107_21_000010_000011	则降功
HVH_107_21_000010_000012	圖之服降宗本為女嫁出
HVH_107_21_000010_000013	高祖艾母
HVH_107_21_000010_000014	三月
HVH_107_21_000010_000015	曾祖父母
HVH_107_21_000010_000016	五月
HVH_107_21_000010_000017	出家点服出出
HVH_107_21_000010_000018	空烧点
HVH_107_21_000010_000019	祖父母父母
HVH_107_21_000010_000020	植味
HVH_107_21_000010_000021	期年
HVH_107_21_000010_000022	父娟妹
HVH_107_21_000010_000023	期年
HVH_107_21_000010_000024	父堂
HVH_107_21_000010_000025	叔父母堂兄弟
HVH_107_21_000010_000026	在大功
HVH_107_21_000010_000027	出缘無B嫁怒
HVH_107_21_000010_000028	在在室
HVH_107_21_000010_000029	办空大致
HVH_107_21_000010_000030	姊妹
HVH_107_21_000010_000031	在室大功
HVH_107_21_000010_000032	在空现庆
HVH_107_21_000010_000033	出饺小功
HVH_107_21_000010_000034	出城点服
HVH_107_21_000010_000035	堂超女
HVH_107_21_000010_000036	堂姐
HVH_107_21_000010_000037	超女
HVH_107_21_000010_000038	總麻
HVH_107_21_000010_000039	小功
HVH_107_21_000010_000040	鰓麻
HVH_107_21_000010_000041	伯淑祖每伯叔父母
HVH_107_21_000010_000042	兄弟
HVH_107_21_000010_000043	大
HVH_107_21_000010_000044	麻
HVH_107_21_000010_000045	大功
HVH_107_21_000010_000046	大功
HVH_107_21_000010_000047	烟梦
HVH_107_21_000010_000048	齊衰
HVH_107_21_000010_000049	齊
HVH_107_21_000010_000050	齊衰
HVH_107_21_000010_000051	齊衰
HVH_107_21_000010_000052	已身
HVH_107_21_000010_000053	60
HVH_107_21_000011_000001	輯按要為夫圖為夫之為夫之姉俱服小大為夫之堂妹成而
HVH_107_21_000011_000002	出嫁女於本族姪之婦兄弟之委亦應报服小功堂兄弟之妻亦應报麻今
HVH_107_21_000011_000003	言則皆無服矣
HVH_107_21_000011_000004	纂孫為祖姑出嫁絕麻要夫孫女堂姉妹己出嫁皆總麻妻
HVH_107_21_000011_000005	夫親妹親站無服在室出嫁皆小功則出嫁女本宗姓孫伯叔祖
HVH_107_21_000011_000006	母堂伯叔母堂兄弟妻親兄弟妻親兄弟子妻皆應有报服且出嫁
HVH_107_21_000011_000007	女爲本宗伯叔祖母堂伯叔母二項己列服制総之皮此以類雅出
HVH_107_21_000011_000008	女為兄弟之為父後者乃服期年不减大功服制总女出嫁為本宗降
HVH_107_21_000011_000009	服則本為有出效之女降服已散見各圖惟母祖父母為出
HVH_107_21_000011_000010	女出嫁孩女降服無明文服制大功项下有没母為女已出嫁者一條
HVH_107_21_000011_000011	是由期而降功也此外似可须推
HVH_107_21_000011_000012	8
HVH_107_21_000012_000001	8
HVH_107_21_000012_000002	堂舅之子
HVH_107_21_000012_000003	圖服親外
HVH_107_21_000012_000004	從母母之姉妹雨姨之子
HVH_107_21_000012_000005	母之兄弟舅
HVH_107_21_000012_000006	功
HVH_107_21_000012_000007	堂姨之子
HVH_107_21_000012_000008	舅姑之子
HVH_107_21_000012_000009	緦麻
HVH_107_21_000012_000010	舅之孫
HVH_107_21_000012_000011	姨之孫
HVH_107_21_000012_000012	無服
HVH_107_21_000012_000013	麻
HVH_107_21_000012_000014	+11
HVH_107_21_000012_000015	小功
HVH_107_21_000012_000016	底
HVH_107_21_000012_000017	無服
HVH_107_21_000012_000018	母祖父母服
HVH_107_21_000012_000019	無
HVH_107_21_000012_000020	已身
HVH_107_21_000012_000021	外孫
HVH_107_21_000012_000022	總
HVH_107_21_000012_000023	姑之孫
HVH_107_21_000012_000024	服無
HVH_107_21_000012_000025	輯註外祖父母服止小功而律内與期親尊長同論者以思義並重
HVH_107_21_000012_000026	也然惟親母之没母耳若嫡母之父母亦服小功但以義服而思
HVH_107_21_000012_000027	寔有不同如有犯者不得與期親尊長同諭慈母養母亦然母
HVH_107_21_000012_000028	之兄弟妻姉妹夫皆無服有犯以几人論
HVH_107_21_000012_000029	如有子非所自出之外孙甥故爲陵虎或置于死者臨辰權其
HVH_107_21_000012_000030	曲直按情治罪不必制服为限
HVH_107_21_000012_000031	姨
HVH_107_21_000012_000032	纂按尊卑為婚條娶姑舅西姉妹句下註言俏有總麻之
HVH_107_21_000012_000033	服一語可見此圖原兼男女而言已身二字已兼男女在皮而各子
HVH_107_21_000013_000001	字孩字無一不兼男女惟女出嫁應仍降等
HVH_107_21_000013_000002	母党服制项参看服制外祖父母句下註輝及阔門欧大
HVH_107_21_000013_000003	以下尊長條下例文
HVH_107_21_000013_000004	所後母之艾母興親母同服小功五月
HVH_107_21_000013_000005	子為親母之父母母
HVH_107_21_000013_000006	项六
HVH_107_21_000013_000007	庶子不為父後者为已母之父母
HVH_107_21_000013_000008	君子為麟母之父母
HVH_107_21_000013_000009	為人後者為所後之父母
HVH_107_21_000013_000010	母出腐纳母之父母
HVH_107_21_000013_000011	+
HVH_107_21_000013_000012	庶子简母在為嫡母之父母
HVH_107_21_000013_000013	君母
HVH_107_21_000013_000014	以上大项如有千犯即照卑幼犯本宗小功尊属律殺殺故指
HVH_107_21_000013_000015	斬已行己傷及傷者各照服制分别定其餘為綱母之父母
HVH_107_21_000013_000016	项亦均照研後母之父母一侧别理至親母之父母属毛離裹脉相承恩
HVH_107_21_000013_000017	義寔為尤重其干犯之罪仍照本律欧死祖艾母者斬謀殺者陵
HVH_107_21_000013_000018	起应死再為人後者為本生母之父母雖降小功一而恩較重其干
HVH_107_21_000013_000019	犯之罪亦應典小功尊属同科推之各项甥舅等必按前頭增八照外
HVH_107_21_000013_000020	姻尊卑長幼治罪
HVH_107_21_000014_000001	圖服親妻
HVH_107_21_000014_000002	妻伯叔
HVH_107_21_000014_000003	要之姑
HVH_107_21_000014_000004	妻父母
HVH_107_21_000014_000005	服無服
HVH_107_21_000014_000006	無要兄弟
HVH_107_21_000014_000007	無
HVH_107_21_000014_000008	服
HVH_107_21_000014_000009	已身
HVH_107_21_000014_000010	妻姉辣
HVH_107_21_000014_000011	及婦
HVH_107_21_000014_000012	無服
HVH_107_21_000014_000013	網麻
HVH_107_21_000014_000014	妻兄弟子
HVH_107_21_000014_000015	女之子
HVH_107_21_000014_000016	妻姉妹子
HVH_107_21_000014_000017	無
HVH_107_21_000014_000018	服
HVH_107_21_000014_000019	麻
HVH_107_21_000014_000020	無
HVH_107_21_000014_000021	服
HVH_107_21_000014_000022	無
HVH_107_21_000014_000023	總麻
HVH_107_21_000014_000024	尚婚
HVH_107_21_000014_000025	總
HVH_107_21_000014_000026	無
HVH_107_21_000014_000027	十白
HVH_107_21_000014_000028	外親皆母党要党非外親也律办與要之父母相犯同於總庶尊属
HVH_107_21_000014_000029	其得相隐與干各犯義二律則又典期親同論
HVH_107_21_000014_000030	全外姻服圖载明無服字樣者方以外姻無服親属論與九人不
HVH_107_21_000014_000031	同此定例也内妻妹子八圖與母之姉林夫不入圖豈甥於母姉妹之天
HVH_107_21_000014_000032	不以外姻親属論耶盖妄姉妹子已八圖則義可互見而母姉妹夫亦在
HVH_107_21_000014_000033	从姻親属無服之刻可知桌篡服制总小功五月項下有為姉妹
HVH_107_21_000014_000034	之子及女之在室者一條像圖内所遗骗
HVH_107_21_000014_000035	景纂此圖女之子一項服制总领言男女同
HVH_107_21_000015_000001	之川
HVH_107_21_000015_000002	先曾與父
HVH_107_21_000015_000003	母
HVH_107_21_000015_000004	同族母宫
HVH_107_21_000015_000005	庶祖母
HVH_107_21_000015_000006	同居今不同居
HVH_107_21_000015_000007	謂自如過房
HVH_107_21_000015_000008	人
HVH_107_21_000015_000009	家机女已適人者孫孫及女之
HVH_107_21_000015_000010	服大功母爲女报
HVH_107_21_000015_000011	謂祖有子女之妾
HVH_107_21_000015_000012	在室者
HVH_107_21_000015_000013	母八艾三
HVH_107_21_000015_000014	弟之、
HVH_107_21_000015_000015	身亦無伯叔兄
HVH_107_21_000015_000016	父無子孫已
HVH_107_21_000015_000017	期年
HVH_107_21_000015_000018	從來不曾随與謂妾生子女父前夫之子已從嫁謂父有子
HVH_107_21_000015_000019	父同居
HVH_107_21_000015_000020	齊衰三月、
HVH_107_21_000015_000021	無服
HVH_107_21_000015_000022	之正妻
HVH_107_21_000015_000023	衰三年
HVH_107_21_000015_000024	韩衰三年齐衰杖期
HVH_107_21_000015_000025	服子为父從者
HVH_107_21_000015_000026	者服不杖期謂巨子斬衰三年
HVH_107_21_000015_000027	母因父死再嫁他人嫡子子齊
HVH_107_21_000015_000028	不服
HVH_107_21_000015_000029	期
HVH_107_21_000015_000030	小功五月
HVH_107_21_000015_000031	两無大功親為不同居継父
HVH_107_21_000015_000032	摘母
HVH_107_21_000015_000033	嫁母
HVH_107_21_000015_000034	庶母
HVH_107_21_000016_000001	圖之服
HVH_107_21_000016_000002	有大功親為謂父死母再謂父妻之後妻
HVH_107_21_000016_000003	劳之頭
HVH_107_21_000016_000004	同居继父
HVH_107_21_000016_000005	已亦有伯叔兄
HVH_107_21_000016_000006	父之兄弟姉妹
HVH_107_21_000016_000007	有子孩自
HVH_107_21_000016_000008	齊衰三月
HVH_107_21_000016_000009	家礼云同母显
HVH_107_21_000016_000010	各服小功五月
HVH_107_21_000016_000011	嫁他人隨去者
HVH_107_21_000016_000012	從母嫁父
HVH_107_21_000016_000013	齊衰杖期
HVH_107_21_000016_000014	謂听生母化文会
HVH_107_21_000016_000015	妾育者新
HVH_107_21_000016_000016	按慈母照有思重兴
HVH_107_21_000016_000017	一继母
HVH_107_21_000016_000018	斬衰三年
HVH_107_21_000016_000019	愿母
HVH_107_21_000016_000020	謂親母被父出者
HVH_107_21_000016_000021	家礼為于降服不放
HVH_107_21_000016_000022	女通女適人為岁
HVH_107_21_000016_000023	期為人後者則不服
HVH_107_21_000016_000024	乃服大功母為女
HVH_107_21_000016_000025	亦报服
HVH_107_21_000016_000026	齊衰拔期
HVH_107_21_000016_000027	出母
HVH_107_21_000016_000028	謂父妾氣哺
HVH_107_21_000016_000029	者即仍母
HVH_107_21_000016_000030	麻
HVH_107_21_000016_000031	凯母
HVH_107_21_000016_000032	生母之服同合
HVH_107_21_000016_000033	今列委换育恋
HVH_107_21_000016_000034	慈母不必记养母死天
HVH_107_21_000016_000035	輯切隨母旅與父同則有撫之恩两無大功親雨有大功親註
HVH_107_21_000016_000036	謂父有無子孫自己有無伯叔兄弟則皆期親也盖大為準琴輕
HVH_107_21_000016_000037	以該重也礼重本宗既無期功服親則無舍案本宗為嫌艾又無期功
HVH_107_21_000016_000038	服親而身寔其無其宗不可礼其恩不可忘放服期年报之若有
HVH_107_21_000016_000039	期功親則有承服之人私思為輕尊親重故止齊衰三先同
HVH_107_21_000016_000040	後不同居者示然雖服三月不用底而用齊衰等本宗之高祖则亦
HVH_107_21_000016_000041	重矣自來不曾同居則恩義皆無何服之有母本是斬三年之
HVH_107_21_000016_000042	服而改嫁則絕於又是無服之人而孤子無依隨受撫則猶親母
HVH_107_21_000017_000001	矣故服齊衰杖期同嫁母之服此止言继母也若父則当分两無
HVH_107_21_000017_000002	有大功親及先同居後不同居以定之盖母雖有親继之分而父則
HVH_107_21_000017_000003	輯註親母之外有八母嫡母分尊母美重為父之妻即為子之母與
HVH_107_21_000017_000004	親同也慈母母其思至重故服亦相重養母謂自幼遇房與人者
HVH_107_21_000017_000005	或收養三岁以遗亲者殊謬牧遗幼子必是異姓礼無果子有
HVH_107_21_000017_000006	三年服者且何止言母而不言父在遗棄子身受撫之恩無異所生自
HVH_107_21_000017_000007	爲之服則可而不可以言服制不可以諭礼法也嫁母雖美絶於父出
HVH_107_21_000017_000008	母雖為父所絶而子無絕之義故皆服杖期庶母兄弟之母也於美
HVH_107_21_000017_000009	當服乳母亦謂父妄哺者但其生母父令别妄撫之不同故止
HVH_107_21_000017_000010	絕底非受雇之乳娘也
HVH_107_21_000017_000011	輯註三八母之服其妻皆應夫而後服由止嫡母慈母庶母云子之同
HVH_107_21_000017_000012	其餘皆不载豈背無服乎考
HVH_107_21_000017_000013	亦不期親同服制
HVH_107_21_000017_000014	斬衰三年
HVH_107_21_000017_000015	子父母在室并己許嫁者及己嫁被出而反在室者同子之要同
HVH_107_21_000018_000001	子為母為慈母為母之妻同
HVH_107_21_000018_000002	母為由母為摘母庶子之妻
HVH_107_21_000018_000003	為人後者為所後父母為人後者之要同
HVH_107_21_000018_000004	嫡孫祖父母及曾高祖父母承重嫡孙之妻同
HVH_107_21_000018_000005	妻為夫妄為家長同
HVH_107_21_000018_000006	齊衰技期
HVH_107_21_000018_000007	嫡子灵子为庶母嫡子尿子之妻同
HVH_107_21_000018_000008	底母父妄之有子女者父妾
HVH_107_21_000018_000009	無子女不得以毋絲矣
HVH_107_21_000018_000010	子為嫁母
HVH_107_21_000018_000011	親生母父亡而改嫁者
HVH_107_21_000018_000012	子出母
HVH_107_21_000018_000013	親生母為父所出者
HVH_107_21_000018_000014	夫为妻、
HVH_107_21_000018_000015	父母在不杖
HVH_107_21_000018_000016	祖為嫡孫
HVH_107_21_000018_000017	齊不杖期
HVH_107_21_000018_000018	下
HVH_107_21_000018_000019	父母嫡長子及嫡長子之妻及子及女在室及子為人後者
HVH_107_21_000018_000020	母為长子子
HVH_107_21_000018_000021	前夫之子從麟母改嫁於入為改嫁継母
HVH_107_21_000018_000022	姪為伯叔父母及姑姉妹之在室者
HVH_107_21_000018_000023	為己之親兄弟及親兄弟之女子在空者
HVH_107_21_000019_000001	孫為祖父母孩女在出嫁同、
HVH_107_21_000019_000002	為人後者為其本生父母出嫁為父母
HVH_107_21_000019_000003	女適人為兄弟之為父後者
HVH_107_21_000019_000004	女在室及雖適人無夫奥子者為其兄弟妹者與女之在室者
HVH_107_21_000019_000005	婦為夫親兄弟之子反女在室者
HVH_107_21_000019_000006	妄家長之正妾、
HVH_107_21_000019_000007	妾為家長之文母
HVH_107_21_000019_000008	妾为家長之长子子與其所生子
HVH_107_21_000019_000009	為同居艾西無大功以上親者
HVH_107_21_000019_000010	齐袤五月兴
HVH_107_21_000019_000011	曾孙曾祖父母曾孙女同
HVH_107_21_000019_000012	齊衰三兴
HVH_107_21_000019_000013	為同君纳两有大功以上親者
HVH_107_21_000019_000014	為义先曾同居今不同居者
HVH_107_21_000019_000015	開來不曾同居者無服
HVH_107_21_000019_000016	大功九月卡
HVH_107_21_000019_000017	祖為眾孫孩女在室同
HVH_107_21_000019_000018	祖母為嫡孫眾孩
HVH_107_21_000019_000019	父母為子婦及女已出嫁者
HVH_107_21_000019_000020	伯叔父母為姬婦及姪女已出嫁者
HVH_107_21_000019_000021	想婦兄弟之妻也
HVH_107_21_000019_000022	女兄弟之女也
HVH_107_21_000019_000023	婦為夫之祖父母
HVH_107_21_000019_000024	掃為夫之伯叔父母
HVH_107_21_000019_000025	為人後者為其兄弟及之在室者
HVH_107_21_000019_000026	既為人後則於本生親属服皆降
HVH_107_21_000019_000027	夫為人後其要為夫本生父母
HVH_107_21_000020_000001	V
HVH_107_21_000020_000002	为包之同堂兄弟姉妹在室者
HVH_107_21_000020_000003	即伯叔父母之子女也、
HVH_107_21_000020_000004	為姻及姉妹之已出嫁者
HVH_107_21_000020_000005	姑即父之姉妹姉即已之親姉妹也
HVH_107_21_000020_000006	為己兄弟之子為人後者出嫁宗伯叔父母出嫁女為本宗兄弟及兄弟之
HVH_107_21_000020_000007	出嫁女為本宗姑婦妹及兄弟之女在空者
HVH_107_21_000020_000008	小功五月下
HVH_107_21_000020_000009	冯伯叔祖父母、
HVH_107_21_000020_000010	祖之親兄弟
HVH_107_21_000020_000011	為堂伯叔父母父之堂兄弟
HVH_107_21_000020_000012	為再從兄弟及再從姉妹在室者
HVH_107_21_000020_000013	為同堂姉妹出嫁者
HVH_107_21_000020_000014	為同堂兄弟之子及女在室者
HVH_107_21_000020_000015	為祖姑在室者即应之親妹
HVH_107_21_000020_000016	為堂姑之在室即父之同堂殊
HVH_107_21_000020_000017	為兄弟之妻祖為嫡孙之婦為兄弟之孙及兄弟之孙女在室者
HVH_107_21_000020_000018	为祖外父母
HVH_107_21_000020_000019	即親母為在堂母之父母庶子摘母之父母庶子為在堂母
HVH_107_21_000020_000020	之父母之父母康子不為父後者為已母之父母為人後者為所後母
HVH_107_21_000020_000021	之母上五项母之以服同外祖母投服求同其母之娘始服制及报服式
HVH_107_21_000020_000022	同姑舅姑两处兄弟铁服亦同為人後者为本生之以属親服等再庶子不属
HVH_107_21_000020_000023	父後者為色母之父服一项若已母像由奴婢家生文買為妻及其父母偷属赋族者
HVH_107_21_000020_000024	不在此例、
HVH_107_21_000020_000025	兄弟即舅
HVH_107_21_000020_000026	其美服詳载為从祖父母條下
HVH_107_21_000020_000027	嫡孩孙為庶祖
HVH_107_21_000020_000028	室同
HVH_107_21_000020_000029	生有子女之妾為家长之祖父母
HVH_107_21_000020_000030	婦为夫兄弟之孩
HVH_107_21_000020_000031	即理
HVH_107_21_000020_000032	及夫兄弟之孫女在室者即好女
HVH_107_21_000020_000033	婦為之姉妹
HVH_107_21_000020_000034	在空出
HVH_107_21_000020_000035	同
HVH_107_21_000020_000036	婦為夫兄及兄弟之妻
HVH_107_21_000020_000037	V
HVH_107_21_000021_000001	婦为夫同堂兄弟之子及女在室者為人後者為其姑姉妹出嫁者
HVH_107_21_000021_000002	麻三月
HVH_107_21_000021_000003	祖爲眾孙婦
HVH_107_21_000021_000004	曾祖父母爲曾孙元孙曾孫女元孫女同祖母為嫡孙眾孫婦
HVH_107_21_000021_000005	为乳母
HVH_107_21_000021_000006	為族伯叔父母即父再從兄弟及
HVH_107_21_000021_000007	为族兄弟及族姉妹在空已三從兄弟殊所與同高祖者
HVH_107_21_000021_000008	為曾祖姑在空者之姉妹
HVH_107_21_000021_000009	即曾祖
HVH_107_21_000021_000010	为族祖姑在室者即祖之同堂姉妹
HVH_107_21_000021_000011	鸟族姑在室者
HVH_107_21_000021_000012	從市妹
HVH_107_21_000021_000013	即之再
HVH_107_21_000021_000014	為族伯叔祖父母即祖同堂兄弟及要、
HVH_107_21_000021_000015	兄弟之曾孫及兄弟之曾孫女在室者為兄弟之孙女出嫁者
HVH_107_21_000021_000016	為同堂兄弟之孙及同堂兄弟之孫女在室出嫁者
HVH_107_21_000021_000017	為再從兄弟之子及女在室者
HVH_107_21_000021_000018	為祖姑及堂及已之再從妹出嫁者
HVH_107_21_000021_000019	即父之堂姉妹
HVH_107_21_000021_000020	祖即姑之親姉妹堂
HVH_107_21_000021_000021	為同堂兄弟之女出嫁者
HVH_107_21_000021_000022	為姑之天
HVH_107_21_000021_000023	即父姉妹之親子其義服
HVH_107_21_000021_000024	詳載為从祖艾母修下
HVH_107_21_000021_000025	即親母兄弟之子其義服
HVH_107_21_000021_000026	为西姨兄弟
HVH_107_21_000021_000027	即親母姉之子其義服
HVH_107_21_000021_000028	詳戴為外祖父母條下
HVH_107_21_000021_000029	為妻之父母
HVH_107_21_000021_000030	為
HVH_107_21_000021_000031	為外孙男子同
HVH_107_21_000021_000032	為兄弟孫之要即之其義服詳戴為外祖父母條下
HVH_107_21_000022_000001	v
HVH_107_21_000022_000002	為同堂兄弟之子妻
HVH_107_21_000022_000003	即堂姓
HVH_107_21_000022_000004	之要
HVH_107_21_000022_000005	為同堂兄弟之妻
HVH_107_21_000022_000006	婦為夫高曾祖父母婦為夫之伯叔祖父母及夫之祖姑在室者
HVH_107_21_000022_000007	夫之堂即夫之伯叔祖父母
HVH_107_21_000022_000008	婦为夫之同堂兄弟姉妹及妻婦為夫再從兄弟之子女在室者同
HVH_107_21_000022_000009	婦為夫同堂兄弟之女出嫁者婦為夫同堂兄弟子之妻即堂姬婦
HVH_107_21_000022_000010	婦为夫同堂兄弟之孩及孙女之在室者
HVH_107_21_000022_000011	婦为夫兄弟孫之要即起之妻
HVH_107_21_000022_000012	婦为夫兄弟之孙女出嫁者
HVH_107_21_000022_000013	婦為夫曾孩兄孫及曾孫元孫女之在室者
HVH_107_21_000022_000014	二1
HVH_107_21_000022_000015	婦夫兄弟之曾孩即曾嫂孩及曾孫女
HVH_107_21_000022_000016	婦为夫之小功服外姻親属
HVH_107_21_000022_000017	女出嫁為本宗伯叔祖父母反祖姑在室者
HVH_107_21_000022_000018	女出嫁為本宗同堂伯叔父母及堂姑在室者
HVH_107_21_000022_000019	女出嫁為本宗堂兄弟之子女在室者同
HVH_107_21_000022_000020	奉拟新律大器
HVH_107_21_000022_000021	各侧、九甲五條
HVH_107_21_000022_000022	五刑
HVH_107_21_000023_000001	4
HVH_107_21_000023_000002	刑五用
HVH_107_21_000023_000003	小藤
HVH_107_21_000023_000004	升
HVH_107_21_000023_000005	杂
HVH_107_21_000023_000006	刑五用
HVH_107_21_000023_000007	中藤
HVH_107_21_000023_000008	徒刑五
HVH_107_21_000023_000009	年
HVH_107_21_000023_000010	一年半二年二年半三年
HVH_107_21_000023_000011	流刑三
HVH_107_21_000023_000012	二千里
HVH_107_21_000023_000013	二千五百里
HVH_107_21_000023_000014	三千里
HVH_107_21_000023_000015	0I
HVH_107_21_000023_000016	礼刑二
HVH_107_21_000023_000017	斬
HVH_107_21_000023_000018	絞
HVH_107_21_000023_000019	C2
HVH_107_21_000023_000020	附贖
HVH_107_21_000023_000021	。了贖云云
HVH_107_21_000023_000022	。贖罪之云
HVH_107_21_000023_000023	+
HVH_107_21_000023_000024	十惡
HVH_107_21_000023_000025	百謀友
HVH_107_21_000023_000026	二日大逆
HVH_107_21_000023_000027	三曰謀叛
HVH_107_21_000023_000028	昌惡逆
HVH_107_21_000023_000029	五果道不敬七日不孝八曰不睦九不義吉内乱
HVH_107_21_000023_000030	八
HVH_107_21_000023_000031	一日議親二日議故
HVH_107_21_000023_000032	三日議功
HVH_107_21_000023_000033	四日議賢
HVH_107_21_000023_000034	五曰議能音勤
HVH_107_21_000023_000035	七曰議貴
HVH_107_21_000023_000036	八日鼓賓
HVH_107_21_000023_000037	應護者犯罪
HVH_107_21_000023_000038	九人者犯罪先請設定聞自取
HVH_107_21_000023_000039	二载
HVH_107_21_000023_000040	其犯十恶者不用此律
HVH_107_21_000023_000041	职官有犯
HVH_107_21_000023_000042	元大小官有公私罪各有司奏請首不許自均回
HVH_107_21_000023_000043	若堆行確問依律秦聞區仍候覆推方許部決
HVH_107_21_000023_000044	4
HVH_107_21_000024_000001	應議者之祖父母有犯
HVH_107_21_000024_000002	應八護者之祖父母父母妻及子孫有犯
HVH_107_21_000024_000003	奏聞設旨定奏聞設自上裁其餘親党奴不在此例
HVH_107_21_000024_000004	文武官犯公罪九文武官犯公罪一十者罰奉一月
HVH_107_21_000024_000005	二十斗遮加一月
HVH_107_21_000024_000006	文武官犯私罪
HVH_107_21_000024_000007	九文武官犯私罪設管一十者罰俸两个月
HVH_107_21_000024_000008	斗远加三月
HVH_107_21_000024_000009	軍情有犯
HVH_107_21_000024_000010	九軍籍人犯罪徒流者依效決訖徒五等依律
HVH_107_21_000024_000011	發配徒限消日仍發回原籍所
HVH_107_21_000024_000012	二十日
HVH_107_21_000024_000013	犯罪得累減一人犯罪應減者若為從滅自首徒者即古之所謂
HVH_107_21_000024_000014	城且春也九罪字杖一百者特此减校加徒之法以通之更有
HVH_107_21_000024_000015	有國徒者三流准徒四年謂之総徒雜起准徒五年謂之
HVH_107_21_000024_000016	准德是也
HVH_107_21_000024_000017	書曰流肴五刑乃以矜者夫五刑之輕者
HVH_107_21_000024_000018	流刑三羌废父湖海安置
HVH_107_21_000024_000019	孔流照依本营鎖地方計所犯應流道里定發各度
HVH_107_21_000024_000020	古之五刑墨剥
HVH_107_21_000024_000021	刺宫大辟
HVH_107_21_000024_000022	三流之刑獨以
HVH_107_21_000024_000023	二千里為始何哉益五服之地各以五百里為限由漸而至要荒去王
HVH_107_21_000025_000001	畿益遠皆所以废置罪人罪有輕重地亦有遠近流二千里則屏之
HVH_107_21_000025_000002	要服矣二千五百里则羌服矣三千里则居服之处不同中國之美也
HVH_107_21_000025_000003	發遣辰每五人一起回迎原籍地每日行五十里
HVH_107_21_000025_000004	横看二千里至妃成
HVH_107_21_000025_000005	近边
HVH_107_21_000025_000006	边
HVH_107_21_000025_000007	自内分流於处道里同
HVH_107_21_000025_000008	决杖
HVH_107_21_000025_000009	安分流和手
HVH_107_21_000025_000010	边和
HVH_107_21_000025_000011	清华清平分流半定平和平顺
HVH_107_21_000025_000012	山南上分流手定年顺
HVH_107_21_000025_000013	北城京地分流廣美富安平和
HVH_107_21_000025_000014	海陽分流
HVH_107_21_000025_000015	4-
HVH_107_21_000025_000016	广美平定平和
HVH_107_21_000025_000017	九犯流者妻子願從亦肉其後家口雖經附籍人配所願回御者放回軍
HVH_107_21_000025_000018	亦令回籍、如本犯在日
HVH_107_21_000025_000019	其子往他废耕祖贸易呈明該营官咱其自便若有謀反叛
HVH_107_21_000025_000020	通之罪照律親属家口録坐應流会赦不原者自有不在咱回
HVH_107_21_000025_000021	之律其流犯在道未至配所會赦者方惟赦回若迁徒安置已至
HVH_107_21_000025_000022	配所籍已成及犯反逆録坐應流者並不在此例
HVH_107_21_000025_000023	工
HVH_107_21_000025_000024	死刑二
HVH_107_21_000025_000025	曰曰為死刑之正王者建皇極以威萬民也有等而下之日
HVH_107_21_000026_000001	雜犯斬雜犯統者皆以准徒五年故為徒之国等而止之日凌迟曰
HVH_107_21_000026_000002	氣示初之常刑以做夫允恶大逆故日圆一内外犯罪人犯除應
HVH_107_21_000026_000003	决不侍辰外俱监固侯秋審朝審每年一项於霜降前摘景
HVH_107_21_000026_000004	要情節刪制招删。奏請於霜降後十日文武公署公同詳寄特
HVH_107_21_000026_000005	定情實後失可矜三項具题請。音定論奪一几職官實犯罪死應八
HVH_107_21_000026_000006	秋朝審者另為二册仍分情實後决可三项進呈
HVH_107_21_000026_000007	一秋審可矜人犯内如子婦不孝罰公姑其夫情激致几或因犯該
HVH_107_21_000026_000008	之母素有奸夫已經拒絶後復登門尋以敢拒致者似
HVH_107_21_000026_000009	罪状之须照免死减等侧更减一等發落
HVH_107_21_000026_000010	一秋審辰各营锁官
HVH_107_21_000026_000011	備将重犯審情决可具题限五日内到剖於八月刑部
HVH_107_21_000026_000012	将原案及部并营鎮刊制招册。奏請定奪
HVH_107_21_000026_000013	一雨澤悠期當清理刑部之時内外如有應行立决人犯暂行停止
HVH_107_21_000026_000014	题奏俟雨釋露足再行清旨其强盗逆犯于淡單機母容拘泥
HVH_107_21_000026_000015	一每年正月六月俱停刑俟二月初次七月立秋之後正法其五月内
HVH_107_21_000026_000016	交六月節及立秋在六月内者亦停正法
HVH_107_21_000026_000017	一每年於小滿後帽月
HVH_107_21_000026_000018	十月至七月初一日止内外向刑衙門除窃盗及
HVH_107_21_000027_000001	7
HVH_107_21_000027_000002	政傷人罪應杖笞人犯不惟減免其餘罪應树責人犯各減一等至
HVH_107_21_000027_000003	燕睿期内监禁重犯令管狱官量加宽快
HVH_107_21_000027_000004	百謀友謂臣下将圖逆節謀危社稷
HVH_107_21_000027_000005	十恶
HVH_107_21_000027_000006	二日謀大道謂謀毁山陵及尊届宫闕
HVH_107_21_000027_000007	三口謀叛
HVH_107_21_000027_000008	謂謀背國僭從他圓或教翻成偽或教平眾來奔
HVH_107_21_000027_000009	四日恶逆
HVH_107_21_000027_000010	謂歐及謀殺祖父母叔父母姑兄弟外祖父母父夫者皆幾人倫
HVH_107_21_000027_000011	五曰不道
HVH_107_21_000027_000012	謂殺一家非死罪三人及支解人体止折割人造畜毒殺人
HVH_107_21_000027_000013	年七
HVH_107_21_000027_000014	六日大不敬
HVH_107_21_000027_000015	謂盗神祝御物来奥服御物及儒造御宝合和御御有记
HVH_107_21_000027_000016	语
HVH_107_21_000027_000017	七日不孝
HVH_107_21_000027_000018	謂造言光祖父母及居喪嫁娶依樂從吉不舉哀共言
HVH_107_21_000027_000019	艾母礼之類
HVH_107_21_000027_000020	八日不睦
HVH_107_21_000027_000021	洪竭度以上親及大功以上尊小尊属共妻告夫比皆九族不
HVH_107_21_000027_000022	相和合叶故曰不睦
HVH_107_21_000027_000023	九日不義
HVH_107_21_000027_000024	謂部民叙本属官軍士教管官使卒殺長官弟子師委聞
HVH_107_21_000027_000025	夫丧惠丧改嫁之烦
HVH_107_21_000027_000026	十日内乱
HVH_107_21_000027_000027	謂好小功以上親及父祖妻妾共和者此兼親属言也
HVH_107_21_000027_000028	八護
HVH_107_21_000027_000029	百議親
HVH_107_21_000027_000030	謂皇家諸親及皇太總麻以親皇后小功親皇太子妃大功以親
HVH_107_21_000027_000031	二日故
HVH_107_21_000027_000032	謂皇家故首之人做得傳見特蒙恩待日久者
HVH_107_21_000028_000001	三日复功
HVH_107_21_000028_000002	新奪旗雄锋萬里或平来降寧济一辰或融字百大功
HVH_107_21_000028_000003	劳者
HVH_107_21_000028_000004	四曰護賢
HVH_107_21_000028_000005	謂有行之贤人君子其言行可為法則
HVH_107_21_000028_000006	五日護能
HVH_107_21_000028_000007	謂有大才業能治軍旅治軍政為制之良韩佐也
HVH_107_21_000028_000008	六日勤
HVH_107_21_000028_000009	有大将使卒勤官我夜奉公或率使方涉艰有
HVH_107_21_000028_000010	大勤劳者
HVH_107_21_000028_000011	七日護貴
HVH_107_21_000028_000012	謂文武爵一品及三品以上官者
HVH_107_21_000028_000013	八口護賓
HVH_107_21_000028_000014	謂承先代之後為國賓者書曰卢賓在位是也
HVH_107_21_000028_000015	一應護者犯罪有司具開所犯罪情封。奏用須旨不許核自拘問
HVH_107_21_000028_000016	者定奏聞取自上裁應八設者之父母子孫有犯者亦然若犯
HVH_107_21_000028_000017	恶者不在北律
HVH_107_21_000028_000018	监守监不准五年
HVH_107_21_000028_000019	于倉庫限不分首犯胜罪全論之如至一千以上
HVH_107_21_000028_000020	一十二五九十五百七五徒一年
HVH_107_21_000028_000021	十两十徒一年丰
HVH_107_21_000028_000022	十二两五十二年半十七丙五一百徒三年
HVH_107_21_000028_000023	二十雨流二千里
HVH_107_21_000028_000024	二十五两流二千五百里三十两三千里
HVH_107_21_000028_000025	四十朝准徒五年
HVH_107_21_000028_000026	常人盗
HVH_107_21_000029_000001	二以下七十五两被八十十两九十十五两一百二十两一年
HVH_107_21_000029_000002	二十五两一年半三十二年三十五两徒二年四十丙徒三年
HVH_107_21_000029_000003	四十五二千里五十两二千五百里五十五三千里八十徒五年、
HVH_107_21_000029_000004	坐财各生者通弄半私罪犯管更人等非人枉法而受财坐罪者
HVH_107_21_000029_000005	4
HVH_107_21_000029_000006	一以十二十四三当五四十杖六
HVH_107_21_000029_000007	五十两十、六十十七十九十八十面百一百两一年
HVH_107_21_000029_000008	二百两
HVH_107_21_000029_000009	徒一年三百丙二年四百徒二年
HVH_107_21_000029_000010	五百两徒三年
HVH_107_21_000029_000011	干九
HVH_107_21_000029_000012	丙以五两以八十九十十五二千甲
HVH_107_21_000029_000013	二五两一年三十德二年三十五
HVH_107_21_000029_000014	徒二年半
HVH_107_21_000029_000015	四十面
HVH_107_21_000029_000016	徒三年
HVH_107_21_000029_000017	四旱十二千里五十流二千五百里
HVH_107_21_000029_000018	五十五雨
HVH_107_21_000029_000019	流三千里
HVH_107_21_000029_000020	八十国發無极减等满洗
HVH_107_21_000029_000021	2
HVH_107_21_000029_000022	一丙以下十七十八十三十九十四十百
HVH_107_21_000029_000023	五十徒一年六十两徒一年七十二年八十月二年半九十徒三年
HVH_107_21_000029_000024	一百两二千里一百十两二十五百里一百二十两流三千里一百三十两以上
HVH_107_21_000030_000001	窃盗、
HVH_107_21_000030_000002	六十两十二年八十二年九十三年一百二千里
HVH_107_21_000030_000003	一百二十两三千里一百三十两以坐、
HVH_107_21_000030_000004	右赃有六项罪分四苛子自盗最重常人盗枉法题次之窃盗不
HVH_107_21_000030_000005	枉法乂次之坐赃最轻盘守常人皆係雜犯而枉法不枉法有禄無禄
HVH_107_21_000030_000006	人及窃盗首犯皆定为犯流斬不准徒盖以盗守常人为害
HVH_107_21_000030_000007	於國其害小贪史窃盗為害於民其害大故特其法乃止贪禁盗之微
HVH_107_21_000030_000008	權也一官员食赃係枉法八已者於限内全備不减专其不枉
HVH_107_21_000030_000009	法赃及准枉法論并坐脑致罪等项仍照例定辨理
HVH_107_21_000030_000010	一文武官吏典仅俱有职之人犯好盗訴偽开一應赃私罪各
HVH_107_21_000030_000011	俱發為民遇赦取問明白罪雖者免仍去職
HVH_107_21_000030_000012	一文武犯公罪
HVH_107_21_000030_000013	錯過誤無私無心者是
HVH_107_21_000030_000014	天武官犯私罪
HVH_107_21_000030_000015	有心犯者故是
HVH_107_21_000030_000016	手公而于私者
HVH_107_21_000030_000017	OM
HVH_107_21_000030_000018	贖諸例
HVH_107_21_000030_000019	俱八庫米一石折銀五钱、
HVH_107_21_000031_000001	一收贖之刑始於周穆王盛漢張厥無力不自贖者依律史犯
HVH_107_21_000031_000002	四等贖刑之圖横看
HVH_107_21_000031_000003	有刀照侧罪贖罪躺有刀收贖老幼疾天文生婦人贖罪
HVH_107_21_000031_000004	官员正要及
HVH_107_21_000031_000005	婦人有力
HVH_107_21_000031_000006	。答一十
HVH_107_21_000031_000007	银二钱五分
HVH_107_21_000031_000008	米亚斗数一石
HVH_107_21_000031_000009	银二线
HVH_107_21_000031_000010	银七厘五毫银
HVH_107_21_000031_000011	第二十、
HVH_107_21_000031_000012	银七线五众米
HVH_107_21_000031_000013	一石穀一石
HVH_107_21_000031_000014	銀四钱五分、
HVH_107_21_000031_000015	银一分五厘
HVH_107_21_000031_000016	银貳钱
HVH_107_21_000031_000017	管三
HVH_107_21_000031_000018	第七钱五分米
HVH_107_21_000031_000019	一石穀一度
HVH_107_21_000031_000020	銀六钱、
HVH_107_21_000031_000021	银二分二厘五毫、
HVH_107_21_000031_000022	銀叁钱
HVH_107_21_000031_000023	管四
HVH_107_21_000031_000024	银雨米二石
HVH_107_21_000031_000025	般四岩
HVH_107_21_000031_000026	銀七钱五分
HVH_107_21_000031_000027	银三分
HVH_107_21_000031_000028	银四钱
HVH_107_21_000031_000029	答五十
HVH_107_21_000031_000030	銀两三钱五分
HVH_107_21_000031_000031	米二石五斗五石
HVH_107_21_000031_000032	银九、
HVH_107_21_000031_000033	銀三分七厘五毫
HVH_107_21_000031_000034	銀五钱
HVH_107_21_000031_000035	答六十
HVH_107_21_000031_000036	銀三雨米六石
HVH_107_21_000031_000037	数十二石
HVH_107_21_000031_000038	銀堂两二钱、
HVH_107_21_000031_000039	银四分五厘
HVH_107_21_000031_000040	銀六钱
HVH_107_21_000031_000041	禁
HVH_107_21_000031_000042	銀三雨五钱水
HVH_107_21_000031_000043	七石数十四石
HVH_107_21_000031_000044	銀两三钱五分、銀五分二厘五毫銀七钱、
HVH_107_21_000031_000045	杖八
HVH_107_21_000031_000046	銀四两米八石
HVH_107_21_000031_000047	十大
HVH_107_21_000031_000048	銀壹两五錢、銀六分
HVH_107_21_000031_000049	银八钱
HVH_107_21_000031_000050	杖九十
HVH_107_21_000031_000051	銀口两五线米九
HVH_107_21_000031_000052	石穀十八石
HVH_107_21_000031_000053	银雨六錢五分銀六分七厘五毫銀九钱
HVH_107_21_000031_000054	杖一百
HVH_107_21_000031_000055	銀五雨木石
HVH_107_21_000031_000056	干石
HVH_107_21_000031_000057	银一雨八钱银七分五厘
HVH_107_21_000031_000058	银一页
HVH_107_21_000031_000059	徒一年
HVH_107_21_000031_000060	银南五米十
HVH_107_21_000031_000061	五石穀三十石
HVH_107_21_000031_000062	銀三面六钱、
HVH_107_21_000031_000063	银一钱五分
HVH_107_21_000031_000064	徒一
HVH_107_21_000031_000065	银十两米二十石
HVH_107_21_000031_000066	銀五雨四钱
HVH_107_21_000031_000067	徒二年
HVH_107_21_000031_000068	银十二五线米二十
HVH_107_21_000031_000069	五石五十石
HVH_107_21_000031_000070	限七二钱
HVH_107_21_000031_000071	銀二钱二分五厘、銀一两一五分
HVH_107_21_000032_000001	徒二拜
HVH_107_21_000032_000002	銀十五四米三千十石银九雨
HVH_107_21_000032_000003	卒石
HVH_107_21_000032_000004	银二面钱六分二银一一钱七厘五
HVH_107_21_000032_000005	徒三年
HVH_107_21_000032_000006	聚十七海五錢米三干
HVH_107_21_000032_000007	五辰华石
HVH_107_21_000032_000008	银十两八钱
HVH_107_21_000032_000009	银三钱
HVH_107_21_000032_000010	银一两二钱二分五厘
HVH_107_21_000032_000011	0流二千里
HVH_107_21_000032_000012	银二钱七分五厘
HVH_107_21_000032_000013	银一两三钱、
HVH_107_21_000032_000014	流二重
HVH_107_21_000032_000015	中
HVH_107_21_000032_000016	银四钱一分二厘
HVH_107_21_000032_000017	银一两三钱三分七厘五毫
HVH_107_21_000032_000018	四十五石数九十石
HVH_107_21_000032_000019	银十四四钱
HVH_107_21_000032_000020	钱五分五厘
HVH_107_21_000032_000021	銀四钱五分银一雨三
HVH_107_21_000032_000022	。较軒
HVH_107_21_000032_000023	未四十五万数九十石
HVH_107_21_000032_000024	徒五年银二十二雨五钱
HVH_107_21_000032_000025	银十八雨
HVH_107_21_000032_000026	銀一两四钱五众
HVH_107_21_000032_000027	银五线二分五厘
HVH_107_21_000032_000028	附婦人枷号收贖例如加号二十日許贖銀一钱五厘枷号二十贖銀一钱三分五
HVH_107_21_000032_000029	厘加号三十日赎六分五厘号三十五日銀一钱九分五厘加号四十日
HVH_107_21_000032_000030	银二钱二分五厘加号五十日银三残加号六十日二钱七分五厘
HVH_107_21_000032_000031	右树徒流死五刑有贖法而應贖不應费律皆不载條似不
HVH_107_21_000032_000032	今此官员犯徒流雜犯俱照有力折贖其食班官從徒流罪
HVH_107_21_000032_000033	聚不惟折贖并除犯罪死千涉十恶常赦不原干各犯美贪脏枉法
HVH_107_21_000032_000034	財故縱一切犯奸犯盗殺傷人之外其出於不幸爲人干連事可
HVH_107_21_000032_000035	情可原諒者皆可折贖當随事而定或情請也至於收贖銀
HVH_107_21_000032_000036	敬甚微惟老幼病众天文生婦人步之法如犯洗徒止次放一百罪
HVH_107_21_000032_000037	天文生謂飲天占候生習业已成明侧於卧椎
HVH_107_21_000033_000001	罪則為律應決校一百收贖經罪者惟婦人則從寬許其贖罪干
HVH_107_21_000033_000002	則贖銀一錢至杖一百則贖銀一兩故其較收赎微多謂例也以上
HVH_107_21_000033_000003	親行贖罪在内由部堂奏請在外由鎖官奉請皆酬的情罪有可原者
HVH_107_21_000033_000004	方唯贖、
HVH_107_21_000033_000005	。九進士舉人貢盟生及一功有预带官有犯杖輕罪照律被贖罪止
HVH_107_21_000033_000006	一百者為别咨参除各徒境以照發配文武官员犯罪本案章職其
HVH_107_21_000033_000007	輕罪母庸贖若革職後另犯皆罪者照律贖徒流軍遺依
HVH_107_21_000033_000008	例發配有呈請罪者刑部核其情節奏明請首定套其
HVH_107_21_000033_000009	食脑官收柴
HVH_107_21_000033_000010	不惟纳贖
HVH_107_21_000033_000011	婦人犯奸杖罪的决加号罪收贖其餘有犯杖并徒流充軍雜犯罪
HVH_107_21_000033_000012	礼該次校一百者其命婦官员正妻俱准
HVH_107_21_000033_000013	。1老幼疾收赎乃法中之思也此條分為三等七以上五十以下及疾
HVH_107_21_000033_000014	财
HVH_107_21_000033_000015	賠一目折一服之一等除寔犯罪外流罪以下並咱收以上十
HVH_107_21_000033_000016	崴以下及駕疾赔二目折二股之须一等犯罪應死者奏聞取
HVH_107_21_000033_000017	自上裁法行乎下而恩出乎上也其益及傷人者亦收贖餘皆勿論九十
HVH_107_21_000033_000018	以上七岁以下父為一雖有死罪不加刑其有人教今坐其教令也犯
HVH_107_21_000033_000019	罪時雖未老疾而事发特老疾者依老疾論若在徒年限内老疾亦如
HVH_107_21_000034_000001	之犯罪時小幼事發辰长大依小幼論贖雖老幼疾則其現在小幼則矜
HVH_107_21_000034_000002	其已往仁之至也其在徒年限内老疾收赎创每日并限二毫九一六衙
HVH_107_21_000034_000003	六鐵零如已役千年月日准除如未干年月日照火并内、
HVH_107_21_000034_000004	一每年秋人犯其犯罪时年十五以下及現在年逾七十经卿九以
HVH_107_21_000034_000005	可矜蒙恩者免减流者俱准其收贖、
HVH_107_21_000034_000006	右諸犯照例收贖之後如係有心更犯即各照應得罪名按例充配一犯罪養
HVH_107_21_000034_000007	存由親例犯死罪当赦不原者而祖父母父母老疾應侍
HVH_107_21_000034_000008	家無以次成丁者即共獨子無異有司惟向明白具開犯罪名並應
HVH_107_21_000034_000009	録綠由奏聞取上裁若犯徒流軍犯其罪不必当赦應流原者並唯收親
HVH_107_21_000034_000010	上杖一百餘罪收赎。犯罪有兄弟俱正法者存留一人親
HVH_107_21_000034_000011	。九部内题結軍流徒犯未經發配以前告称祖父母母老應侍及共母
HVH_107_21_000034_000012	霜婦守節已逾二干年家無次丁者府查明营察确报部軍流徒
HVH_107_21_000034_000013	犯照效决徒犯加号一月加号日免死流犯加号四月俱
HVH_107_21_000034_000014	存留養親若犯内有倫理並徒摄委地方官者不准敢請留
HVH_107_21_000034_000015	。一殺人之犯有奏請存留親者並查明被殺之人有無父母是否獨
HVH_107_21_000034_000016	子於本内声明如被殺之人亦獨子親老無人奉則不准留若被
HVH_107_21_000035_000001	殺之人無姓各足籍可開查者仍准其敢請留
HVH_107_21_000035_000002	一九大誣告持徒流之犯除被告罪各應准留仍照定侧遵行外
HVH_107_21_000035_000003	告人謀故殺及強盜罪以致被良民久掩獄底身被刑訊蕩產破
HVH_107_21_000035_000004	家造審反坐者依律問發不准留
HVH_107_21_000035_000005	ay
HVH_107_21_000035_000006	犯罪自首
HVH_107_21_000035_000007	猶
HVH_107_21_000035_000008	。九犯罪未發而自首者
HVH_107_21_000035_000009	受辨悔遇知人欲告而先首者
HVH_107_21_000035_000010	帰各财主兴起官自首同
HVH_107_21_000035_000011	其遣
HVH_107_21_000035_000012	人代首若於法相得容隐者之属
HVH_107_21_000035_000013	有犯退走服得相容隐事
HVH_107_21_000035_000014	各咱如罪人身自首法若自首不是及不尽者以不是不尽之罪之至死
HVH_107_21_000035_000015	者哨减一寺其知人欲告及逊走叛
HVH_107_21_000035_000016	逊避山澤
HVH_107_21_000035_000017	叛去他图
HVH_107_21_000035_000018	而自首者减罪二坐之其损傷
HVH_107_21_000035_000019	人物不可賠償事發在进雖不得首所犯之罪但得出首得减逊走之罪
HVH_107_21_000035_000020	二共正罪不减其强窃盗若能捕供同伴解官者亦得免罪人依常人
HVH_107_21_000035_000021	一体给赏若盗之生微權也
HVH_107_21_000035_000022	。一在监敬重囚及遣军流徒入犯
HVH_107_21_000035_000023	如有回变送自行报者除謀反叛道之犯不惟自有原犯罪要
HVH_107_21_000035_000024	發落其自行越遗及看守通同贿縱者仍照各本律問栈、
HVH_107_21_000035_000025	二罪俱發以事重論
HVH_107_21_000035_000026	。九二罪以重者諭罪谷者從若一罪先發已經論敬餘罪後發其輕者并相
HVH_107_21_000036_000001	勿論重者更論之道前罪以先後
HVH_107_21_000036_000002	化外人有犯罪
HVH_107_21_000036_000003	。九化外人犯罪者並依律益化处人既来
HVH_107_21_000036_000004	歸附即是王民有罪並依律断所有以示無外也
HVH_107_21_000036_000005	加减罪例
HVH_107_21_000036_000006	加者就本罪上加重也减者就本罪上减輕也准二死三流各同为一
HVH_107_21_000036_000007	减一等
HVH_107_21_000036_000008	加新
HVH_107_21_000036_000009	即流三千里减二寸即坐徒
HVH_107_21_000036_000010	謂加加至早至三十九雨九
HVH_107_21_000036_000011	字様
HVH_107_21_000036_000012	料断依新颁律
HVH_107_21_000036_000013	川+
HVH_107_21_000036_000014	0九官司断罪皆酒具徐例遣者三十其特旨罪係是臨處决不定律者罪
HVH_107_21_000036_000015	不得引此爲律竞致罪有出入者以故失論
HVH_107_21_000036_000016	。九律司：降目為始若犯在以前者並依断律掠此律爲一代之章程也
HVH_107_21_000036_000017	講讀律令
HVH_107_21_000036_000018	九国家律令參的事情輕重定立罪各領行天下永道安百司官吏務要燕
HVH_107_21_000036_000019	讀講明律意剖央事務每遇年終在在外各從上司官考較考有不出講不通意
HVH_107_21_000036_000020	以b
HVH_107_21_000036_000021	官罚一月更管其有工技諸色人有熟读解通達律意若犯遇失及
HVH_107_21_000037_000001	吏律1
HVH_107_21_000037_000002	官吏襲蔭
HVH_107_21_000037_000003	為謂祖父有功於國甥以世戰子孫依次承襲者特
HVH_107_21_000037_000004	也令嫡子長子孫承如嫡長子孫有故
HVH_107_21_000037_000005	此报廷
HVH_107_21_000037_000006	已疾嫡長子孫
HVH_107_21_000037_000007	奸盗之
HVH_107_21_000037_000008	蔭如無摘長子孫襲方許次長子孫襲蔭如無吹出子孫許会弟
HVH_107_21_000037_000009	永者囊茶其子孫会
HVH_107_21_000037_000010	煙應会承装蔭本宗及本营各宫保勘明白奏請承襲之俸如所襲子
HVH_107_21_000037_000011	吏律
HVH_107_21_000037_000012	孫年幼候十八歲方預朝参公如委絶嗣無可承装者唯令本官妻子
HVH_107_21_000037_000013	小依侧亦领体給膳身若将異姓外人乞为子購昧官府故冒承
HVH_107_21_000037_000014	者乞子杖一百發边遠充軍本家所開俸给截日住罷他人教今者並
HVH_107_21_000037_000015	犯人同罪若当该官知而咱行與同罪不知者不坐
HVH_107_21_000037_000016	大臣專送官公
HVH_107_21_000037_000017	。除授官員應送须從朝廷用若大臣專送用者軒候若大臣親
HVH_107_21_000037_000018	兼文武
HVH_107_21_000037_000019	成非奉特首不許除披官职遣者罪亦如之受除者免坐其见用者朝
HVH_107_21_000037_000020	官面諭差遣及改除取不问遠近托故不行者並杖一百取不叙其文武
HVH_107_21_000037_000021	官我人等不由金送推举經自曉奏請求進用壹綠奔竟阻壞送法
HVH_107_21_000037_000022	者俱問罪熙草為民
HVH_107_21_000038_000001	文官不許封公侯
HVH_107_21_000038_000002	。九文官非有功勳於國家而司曉奏請封公侯爵者當該官吏
HVH_107_21_000038_000003	及受封之人皆监候其生前出将入相能除大患尽忠报者同開國
HVH_107_21_000038_000004	元勲一体封侯公不用此侧律
HVH_107_21_000038_000005	生日封、
HVH_107_21_000038_000006	死曰談
HVH_107_21_000038_000007	温設官吏
HVH_107_21_000038_000008	一九内外衙門官有额定员效而多添設者当該官吏指典送者一人杖一
HVH_107_21_000038_000009	有每三人加一等罪止杖一百徒三年若受以招法
HVH_107_21_000038_000010	信牌
HVH_107_21_000038_000011	九府州縣拘提人犯确督公務自上行下以牌为
HVH_107_21_000038_000012	信量地方之近定消激之限期承牌人发也限者計日坐罪每日加
HVH_107_21_000038_000013	一等至四日以上罪止笞若府题遇有一應催辨事不遣信牌而
HVH_107_21_000038_000014	親遣所属坐守催併是迎制矣杖一百其视橋襟寺颂必應躬
HVH_107_21_000038_000015	親其事以社欺不在此限
HVH_107_21_000038_000016	貢举非人。九貢拳非其人及不堪時用應貢举而不貢
HVH_107_21_000038_000017	者一人杖八十每二元人加一等罪止一百举之人知情與同罪不知者不坐
HVH_107_21_000038_000018	若主司考誠芸业技可取不弟者不可取亦實。上而不以者
HVH_107_21_000038_000019	减二苛若受以枉法從重論
HVH_107_21_000038_000020	鄉會试考试官同考官及
HVH_107_21_000039_000001	應试舉于有交通嘱托賭貨節整同罪斬决
HVH_107_21_000039_000002	發随近
HVH_107_21_000039_000003	舉用有遇官吏
HVH_107_21_000039_000004	。九軍吏曾經罪罢役不叙諸御衙門不許朦脆保舉迎者及
HVH_107_21_000039_000005	慝過之人各杖一百罷取仗不叙
HVH_107_21_000039_000006	。几衙門盗侵银钱贪賠苛
HVH_107_21_000039_000007	罪遇赦免後復八原衙及别衙應杖者杖一百徒三年該官知
HVH_107_21_000039_000008	情故縱及該鎖营不即料参者俱交鼓部論废
HVH_107_21_000039_000009	炫雜役
HVH_107_21_000039_000010	年八
HVH_107_21_000039_000011	。九内外文武官及吏典無患病公差之故雜我從者若避难事如
HVH_107_21_000039_000012	难解之钱根难捕之益有于係者因而在逊杖百罷取不叙所事重
HVH_107_21_000039_000013	者各從重論其任官應直而不道應宿而不宿各笞五下若主守倉
HVH_107_21_000039_000014	庫帰钱根微囚雜物之煩應道而不道應宿而不宿各笞早
HVH_107_21_000039_000015	官员赴任遇限
HVH_107_21_000039_000016	。九已除官员在京者以除受日為始在外者以领文憑限票日始
HVH_107_21_000039_000017	依以定程限赴任若無故遇限者一日答一十每十日加一等罪止杖八
HVH_107_21_000039_000018	並留任若無故远延至半年之上依遗制律問罪若代官己到首官已
HVH_107_21_000040_000001	照限期交割启口錢狼刑各．及應有卷案籍册其備無故十日之外不離任
HVH_107_21_000040_000002	所者依赴任過限論減二等亦留任
HVH_107_21_000040_000003	無故不朝參公座
HVH_107_21_000040_000004	。九大小官員無故在不朝參在外不公署事及官吏給假限消無故
HVH_107_21_000040_000005	不就取役者一日一十每三目加一廿各罪止八十並留
HVH_107_21_000040_000006	奸黨
HVH_107_21_000040_000007	諫免暗邀人心者亦輔若在朝官多交結朋黨朝政者皆斬候
HVH_107_21_000040_000008	要子為奴财產八官若刑剖及大各衙門官吏不执法律咱従上司主
HVH_107_21_000040_000009	使出八人罪
HVH_107_21_000040_000010	罪亦如之及部内衙内有不避椎具明跡親
HVH_107_21_000040_000011	赴御前挑法染訴者罪坐臣言告之人雖業已咱從致罪有出八
HVH_107_21_000040_000012	亦得光罪仍将犯人財産均給充赏有官隆二無官量與一官或不
HVH_107_21_000040_000013	願官者赏银二十
HVH_107_21_000040_000014	上言大臣德政
HVH_107_21_000040_000015	。九諸衙門官吏及士庶民人等若有上言宰兆大臣美政才德是
HVH_107_21_000040_000016	油图引用
HVH_107_21_000040_000017	即是奸黨務要向劣究来还明上言首告者废斬候妻子為奴
HVH_107_21_000041_000001	财產入官若宰大臣知情共目罪不知者不坐鎮营官或座任更調
HVH_107_21_000041_000002	交部
HVH_107_21_000041_000003	上書奏事犯諱
HVH_107_21_000041_000004	九上書若奏事誤犯諱御名及庙者杖八十餘文書誤犯者笞四
HVH_107_21_000041_000005	字樣各别及二字止犯一字者皆不坐
HVH_107_21_000041_000006	吏律
HVH_107_21_000041_000007	事應奏不奏
HVH_107_21_000041_000008	軍杭粮送法制度刑名罪交異及事應奏而不奏者杖八十應
HVH_107_21_000041_000009	申上而不申上者四十若已五中不待四报而施行者並同不奏不
HVH_107_21_000041_000010	申之罪至死减
HVH_107_21_000041_000011	九府州将小民疾苦之情不行詳报上司使
HVH_107_21_000041_000012	民無可控想者章我永不叙用若已經詳报而上司不接准題遇者章取
HVH_107_21_000041_000013	出使不复命
HVH_107_21_000041_000014	几奏制劫出使已終不復命已干预他事者杖一百
HVH_107_21_000041_000015	文書稽程
HVH_107_21_000041_000016	九内外衙門公事小事五日程中事十日程人事二十日程业要限内圆
HVH_107_21_000041_000017	結老事于部官司開進會審或查勘里者不构此限
HVH_107_21_000042_000001	九開文案稽程者一日更典笞一十三日加一罪止答四十首领官卖與之
HVH_107_21_000042_000002	目也各减寻若各衙門
HVH_107_21_000042_000003	遇有研属申京公事随即詳可否明白
HVH_107_21_000042_000004	定奪回报若当該上司不典果次含糊行移上下互相推把以致耽误公
HVH_107_21_000042_000005	亦如之
HVH_107_21_000042_000006	同僚代判署文案
HVH_107_21_000042_000007	吏律
HVH_107_21_000042_000008	。九應行官文書而同僚代判署者校八十若因遗失文案而代者加
HVH_107_21_000042_000009	一等若有加减出罪重者從重論
HVH_107_21_000042_000010	0+
HVH_107_21_000042_000011	增减官文書
HVH_107_21_000042_000012	九增减官文書内情節字樣者枝六十若有所避而增减者加本罪二
HVH_107_21_000042_000013	止杖一百流三千里未施行者各减一若文書誤将軍馬钱粮刑名重事
HVH_107_21_000042_000014	紧字樣傅寫失错而洗神改正者吏與答二十首领失於对問減一洗
HVH_107_21_000042_000015	改而有干残調军馬及供給边方軍需錢粮者首领官更典皆執
HVH_107_21_000042_000016	若有知避故改者以增减官文書論加本罪二共未施行者各减一因
HVH_107_21_000042_000017	而失誤軍機者不问故失並候無避及常行字樣
HVH_107_21_000042_000018	勿論
HVH_107_21_000042_000019	偶然誤寫
HVH_107_21_000042_000020	封掌印信、
HVH_107_21_000043_000001	九内外各衙門印信長吏收掌同僚佐二官用纸於印面上封記俱各昼字
HVH_107_21_000043_000002	若同僚佐之官公差首领官封印迪者一百
HVH_107_21_000043_000003	酒使印信
HVH_107_21_000043_000004	0九各衙門行後出封文書漏使印信者當官典問首領官並承發各
HVH_107_21_000043_000005	夹
HVH_107_21_000043_000006	大全不用印信者各校八十若漏印及不用印之工人千磅調軍机供給方軍
HVH_107_21_000043_000007	需践粮者各杖八十因而誤失軍者斬候亦以当該官更典為有經管首
HVH_107_21_000043_000008	领官並承發止一百流三千里若倒用六
HVH_107_21_000043_000009	各部院荣案有應行添改之虚俱用印盖加有忽照倒参度
HVH_107_21_000043_000010	核用調矢印信
HVH_107_21_000043_000011	0九兵将軍及各提督総兵官印信除調度馬辨軍馬之外若出批
HVH_107_21_000043_000012	帖假公营私照送物货因免税者首领官吏各校一有罷取
HVH_107_21_000043_000013	九营鎮文武大小官員有以官印用私書者照迪别律治罪
HVH_107_21_000043_000014	户律
HVH_107_21_000043_000015	人口以业为定
HVH_107_21_000043_000016	。九軍民訊醫工諸色人产並以原告报典業為定
HVH_107_21_000043_000017	若訴軍民胃民脱免避已重就者被大其官司妄准脱免
HVH_107_21_000043_000018	及变乱版籍
HVH_107_21_000043_000019	改课為民
HVH_107_21_000043_000020	改民为面
HVH_107_21_000043_000021	者罪同若各街軍不出軍差校
HVH_107_21_000043_000022	者杖一百发迎
HVH_107_21_000043_000023	遠充軍
HVH_107_21_000044_000001	隐丁口
HVH_107_21_000044_000002	。九社長隐丁口有家產者一丁六十每一丁加一五丁满校天丁徒
HVH_107_21_000044_000003	东田
HVH_107_21_000044_000004	一年每三丁加一等十八丁满杖二十一丁以流論每五丁加一罪止满流無家
HVH_107_21_000044_000005	业產一二丁免罪三丁六十每三丁無家產現有家產一丁典三加
HVH_107_21_000044_000006	一十五丁满杖十八丁杖六十徒一年每九丁加一寸五十四丁徒六十三
HVH_107_21_000044_000007	丁以流論每十五丁加一罪止消流陈告者十分得定有家產丁口
HVH_107_21_000044_000008	彝
HVH_107_21_000044_000009	每丁赏钱十贯無家座及未竈者每丁赏钱三贯七分得賞錢
HVH_107_21_000044_000010	折半其六分定赏三分之一长平发在丁
HVH_107_21_000044_000011	其统一半收在社
HVH_107_21_000044_000012	充寔告者三四分以下停赏全不者
HVH_107_21_000044_000013	反坐其丁有家產者杖八十無家産管五十神著八籍当差里
HVH_107_21_000044_000014	業已隐涌能自免罪若自首不尽改被首诵漏丁反坐仍以不尽之
HVH_107_21_000044_000015	数科罪若里長受財隐者計以枉法從重論追入官村長同情
HVH_107_21_000044_000016	容隐者減如有鄉豪武断過止社長不得自伸者即以長之罪人
HVH_107_21_000044_000017	之杜长止科同情隐滴之罪也
HVH_107_21_000044_000018	私創庵院及私度僧道
HVH_107_21_000044_000019	九寺竟庵院除現在所处不許自創建增置者一百僧道回
HVH_107_21_000044_000020	俗發遠边充軍僧女冠八官為奴地基材科入官
HVH_107_21_000045_000001	0一民間有願創建寺見神祠者呈明請鎭官具题奏請旨方許营建若
HVH_107_21_000045_000002	行興造者依也制律論
HVH_107_21_000045_000003	民間子弟十六岁以上而出家者加一月並坐罪所由
HVH_107_21_000045_000004	家畏之须僧道官及住
HVH_107_21_000045_000005	家长源
HVH_107_21_000045_000006	持知而不举者各罷我回俗
HVH_107_21_000045_000007	立嫡子迪法
HVH_107_21_000045_000008	9九立嫡子法者杖八十其嫡年五十以上無子者方立次長子若同宗
HVH_107_21_000045_000009	户律
HVH_107_21_000045_000010	之人為子所父母無子所生父母有子而子帆舍去者一百付
HVH_107_21_000045_000011	所卷父母收营若父母有親生子及本生父母無子欲回者咱其
HVH_107_21_000045_000012	異姓義子以乱尊族杖六十若以子與異姓人為嗣者同罪其子爲尊
HVH_107_21_000045_000013	其遗章见二歲以下雖異姓仍咱收即從其姓但不必以無子遂立
HVH_107_21_000045_000014	一無子者許合同尊昭穆周親相当之先同周親次及大功小功麻
HVH_107_21_000045_000015	一婦人夫亡無子志者合承夫须族長擇昭穆相当之人繼嗣其改嫁
HVH_107_21_000045_000016	者夫家财産及原有赃並响前夫之家為主
HVH_107_21_000045_000017	牧留述失子女
HVH_107_21_000045_000018	。九收留人家迷失子女不送官司賣為效婢者林一百徒一年為妻妾子孫者
HVH_107_21_000046_000001	杖九十徒二年半其咱收留奴婢妻妻者罪亦如之隐藏在家者並杖
HVH_107_21_000046_000002	者及身保知情減犯八賣罪一等追赏八官不知不坐追賣賞主
HVH_107_21_000046_000003	赋仗不均
HVH_107_21_000046_000004	0賦取於田産杖出於人丁有司科微税粮及派差役各照籍人丁現数定等弟
HVH_107_21_000046_000005	科差若放富差貧改作者許被害貧民付上司自下而上陳告當該官
HVH_107_21_000046_000006	吏各核一百正若上司不受理八受财者計题以枉法従重論
HVH_107_21_000046_000007	天律
HVH_107_21_000046_000008	一軍年七十以上許一丁待免其親派差行
HVH_107_21_000046_000009	丁夫差遣不平
HVH_107_21_000046_000010	亚
HVH_107_21_000046_000011	。孔應差丁夫親役而差遣劳後逸不均平者一人二十每五人加一罪止杖
HVH_107_21_000046_000012	十若丁夫承差而错留不著及在従日满而所司不放回者暴止答五十
HVH_107_21_000046_000013	百十每三日加一井
HVH_107_21_000046_000014	逊避差役
HVH_107_21_000046_000015	0九民户邀住隣境避差派者杖一百發回原籍当美其親管里
HVH_107_21_000046_000016	長提調官故縱及鄰境人户隐蔽在已各與同罪若鄰境里長知而不
HVH_107_21_000046_000017	逐遣及原管官司不移文起取與矿在官司好不發者各枝六十一因
HVH_107_21_000046_000018	兵羌逊之民或年久遠返其已成産業原八籍者給與戶田批照附籍當
HVH_107_21_000046_000019	差若首报人口不尽或展轉逊移及寓家不者各树一百
HVH_107_21_000047_000001	私仪部民夫匠
HVH_107_21_000047_000002	。九有司官私役使部民及监工官私役使夫匠出百里之外不及久占在家
HVH_107_21_000047_000003	使换者一名四每五各加一等罪止八十每各計一日追给雇工銀八分五厘
HVH_107_21_000047_000004	王毫若有吉凶及在家佐使親從勿論其所使人效不得遇十五各每名不
HVH_107_21_000047_000005	得使過三日边者以私役論
HVH_107_21_000047_000006	别籍異财
HVH_107_21_000047_000007	广律
HVH_107_21_000047_000008	儿祖父母父母在子孫别立户籍分異財座者杖一百须父母親告乃坐其
HVH_107_21_000047_000009	母許分分析不在此例若居父母表同而兄第剧立户籍介異财産者杖
HVH_107_21_000047_000010	十须期親以上尊長親告乃坐或奉遗命不在此倒
HVH_107_21_000047_000011	同居卑勿不由尊長私核用本家财者十两二十每十两加一罪止杖一
HVH_107_21_000047_000012	百卑不得
HVH_107_21_000047_000013	自等也
HVH_107_21_000047_000014	若同居尊長應分家财不均平者罪示如之其分折家財田除
HVH_107_21_000047_000015	嫡畏意陰外不問要妾婢生子止以子效均分
HVH_107_21_000047_000016	。一户絕财産果無同宗應之人所有親女承受無女者咱地方官詳明上司
HVH_107_21_000047_000017	酌入充軍
HVH_107_21_000047_000018	欺隐田狼
HVH_107_21_000047_000019	。九欺隐田粮脱滴本籍者一至五無五加一苛罪止杖一百其脱漏之田
HVH_107_21_000048_000001	八官所隐脱粮依效做若将已田土以高作下．赌减粮侧罪亦如之里長知而不
HVH_107_21_000048_000002	舉其罪同其回復業人民丁力少而首田多者咱從尽力耕依报官八籍計田
HVH_107_21_000048_000003	八根当差若多置餘田而差發者三至十三十每十前加一等罪止杖八十共
HVH_107_21_000048_000004	田八官丁力多而首田火者附近随荒田卧力扒付耕作
HVH_107_21_000048_000005	一尊室置買田主管主人恃疆不被粮者官察問罪尊室知而容縱
HVH_107_21_000048_000006	者交衙門察議仍追應差粮若該管阿不奪交議
HVH_107_21_000048_000007	部
HVH_107_21_000048_000008	拾碴灾傷田粮
HVH_107_21_000048_000009	0九部内水旱霜電及蝗虫為害有司官更應准告而不受理申报本上管
HVH_107_21_000048_000010	上司不委差官覆者各执八卡若动覆检官吏不行親所不用心從
HVH_107_21_000048_000011	减分效通同作
HVH_107_21_000048_000012	計重者坐赃論。一各营遇灾害之年該营官将理刑微之奉聞
HVH_107_21_000048_000013	請
HVH_107_21_000048_000014	一江河海居民忽被水灾該地方官一面通报上司一面赴被灾废卧看明照例
HVH_107_21_000048_000015	酌量賬濟不得需退時日。一賑济被灾民以及蠲免钱粮题官有侵食
HVH_107_21_000048_000016	肥已等弊致民不露寔惠者照貧官例拿問革取各营不行稽察者俱革
HVH_107_21_000048_000017	盗賣田宅
HVH_107_21_000049_000001	0盗賣他人田宅并将不堪田宅模易及胃認若皮践赛契典買及占侵他
HVH_107_21_000049_000002	人田宅者田一屋一間以下五每田五屋三間加一罪止八十徒二年
HVH_107_21_000049_000003	係官田宅者各加二若将他库人田産妄作业仗献官豪勘要之家
HVH_107_21_000049_000004	與者受者各杖一百徒三年田產及远年听得花利應四官者四官應給主者
HVH_107_21_000049_000005	給主若功臣有犯者照律奏請定奪
HVH_107_21_000049_000006	。九有司官更不得於見任所置典買田宅边者管五十解任田產八官
HVH_107_21_000049_000007	之律
HVH_107_21_000049_000008	典賣田宅
HVH_107_21_000049_000009	0九将包典賣典八田宅脆重復典賣者以听得償钱計財准窃盗論免刺
HVH_107_21_000049_000010	追償回主用宅原從典賣為業若身保知不者與人同罪不知者不坐
HVH_107_21_000049_000011	其所典田宅园林器用等项年限已满业主借償取購若典主托故不肯放
HVH_107_21_000049_000012	贖者笞从限迎年得花利追徵給主若年限雖消业主無刀取贈者
HVH_107_21_000049_000013	此律不
HVH_107_21_000049_000014	。一告争家田產俱保五年之上併雖未五年有親族是立分書已定出賣文功
HVH_107_21_000049_000015	視定者断照首管業不許重復再贖告詞文来不行
HVH_107_21_000049_000016	盗耕官民田
HVH_107_21_000049_000017	九盗耕稼他人田土者一武以下答三十每五武加一止被八十田减一
HVH_107_21_000049_000018	官土又加二等乃追的得花利官田歸官民田給主
HVH_107_21_000050_000001	亲毁器物稼穑
HVH_107_21_000050_000002	九葉毁人器物及毁树伐木稼者計脏准窃盜論免刺
HVH_107_21_000050_000003	毁者
HVH_107_21_000050_000004	以吉故
HVH_107_21_000050_000005	官物加二等並
HVH_107_21_000050_000006	效追償及私物誤毁者赏向不坐罪毁莹内碑石八十毁人神主杖九十损
HVH_107_21_000050_000007	人房屋牆垣之者计合用修造雇工钱坐助論各合修立官屋加誤毁者但令
HVH_107_21_000050_000008	修立不坐罪、一几於他人田園核食瓜計所坐雖論棄者罪亦如之
HVH_107_21_000050_000009	男女婚姻
HVH_107_21_000050_000010	户律。九男女定婚之初雨家明白通知各願是立書雖無婚書但曾受聘财者亦
HVH_107_21_000050_000011	若是若再許他人未成婚者杖女家主婚人大已成婚者杖後走娶之
HVH_107_21_000050_000012	夫不願者倍还财礼给主某女仍從後夫若男家悔而再娶者罪亦如之再定
HVH_107_21_000050_000013	他人女亦执已娶成婚亦八十未成婚者仍令娶前女後要者别其别嫁
HVH_107_21_000050_000014	已成者断與授娶團聚咱願聘者另嫁其未成婚男女有犯奸盗不用共律其
HVH_107_21_000050_000015	應爲婚者雖已纳聘财期效未至而男家独娶及期約已主而女家因迪期者
HVH_107_21_000050_000016	男女主婿人並笞五大
HVH_107_21_000050_000017	一嫁娶皆祖父母父母主婚祖父母父母俱無
HVH_107_21_000050_000018	者徒餘親主婿其父七女適人者其女從母主婚若卑幼仕宦成典在
HVH_107_21_000050_000019	其父母後为走婿而幼单不知自娶已成婚者仍首婚未成婚者從尊
HVH_107_21_000051_000001	長所定也者枕八十。一男女婿姻各有其辰或有指腹割形襟爲親者
HVH_107_21_000051_000002	九女嫁悔盟另許男家不告官司强奪者照聚律减二其告官歸
HVH_107_21_000051_000003	前夫而女家與後夫奪回照搶奪律一百徒三年
HVH_107_21_000051_000004	。九将委妾受财典雇
HVH_107_21_000051_000005	與人為妻妾者林本夫八十典雇女者其父六干婦女不坐知而娶同罪並離
HVH_107_21_000051_000006	異财礼八官不知而娶者不坐追还财礼仍離異、
HVH_107_21_000051_000007	。九以委爲妾杖一百妻
HVH_107_21_000051_000008	律。几遂女或再招者杖一百其女不坐如女子通同父母逐改者亦杖一百後
HVH_107_21_000051_000009	男家知娶者同罪不知者不坐共女所付前夫。九男女父母丧及要妾居夫畏
HVH_107_21_000051_000010	而身自嫁聚者执一百若男女居父母丧而娶妾妻居夫丧女居父母丧而嫁八
HVH_107_21_000051_000011	命婦即三品以上之要曾受朝廷思命非
HVH_107_21_000051_000012	而之罪罪亦如之若居祖父母伯叔父母姑兄弟之丧而要者十姜才
HVH_107_21_000051_000013	论如居丧
HVH_107_21_000051_000014	其夫丧服妻妾果顾守節而女之祖父母父母及夫家之祖父母父母强之者
HVH_107_21_000051_000015	杖八十婦人及娶者俱不坐未成婚者追婦前夫之家咱從守志已成婿者给主
HVH_107_21_000051_000016	未聚若霜婦不甘失節因而月尽者不論已未被污祖母父母拔一百從三年
HVH_107_21_000051_000017	追通有美加期平初者状益候
HVH_107_21_000051_000018	親屋罪一要若婦人自國取復因他故自尽者仍科以以跨嫁之罪不在此例
HVH_107_21_000052_000001	九父母犯罪被困禁而子孫自嫁娶者拔十其父举母命而嫁女娶妻者不坐亦不处
HVH_107_21_000052_000002	要作樂几同姓婚者主婚與男女各杖十仍異同姓而原不同派
HVH_107_21_000052_000003	系者不在此例
HVH_107_21_000052_000004	尊卑為婚
HVH_107_21_000052_000005	0几处姻有服或尊屋或卑勿共婚姻及同母異父姉妹若夫前妻之女者以親
HVH_107_21_000052_000006	屋相奸論其父母之姑舅丙姨姉妹及姨君堂姨母之姑堂姑已之堂姨及兩從姨已
HVH_107_21_000052_000007	户律
HVH_107_21_000052_000008	之堂处生甥女若女壻之姉妹及子孫婦之姉妹雖無服不得婚也者各杖一百
HVH_107_21_000052_000009	若娶已之姑子舅子两姨子姉妹者白句有麻之服
HVH_107_21_000052_000010	雖無尊单之分
HVH_107_21_000052_000011	林八十並離異婦女亲入宦
HVH_107_21_000052_000012	其外姻無服尊一百母之姑男姉妹二曰母之丙姨姉妹日母之姨二母之堂姨一日母之堂姑二
HVH_107_21_000052_000013	邑之堂姨一口母之再徒姨以上大人项
HVH_107_21_000052_000014	其外姻無服之尊親一曰已之堂甥女曰女之姉妹日子孫姚之姉以上三项雖無制俱有尊
HVH_107_21_000052_000015	单各分金不得为好姻迎者树百。若已之姑男丙姨姊妹雖無单单而親属未猶制服不得
HVH_107_21_000052_000016	婚姻零之者杖八十通前外姻迎律各親屋
HVH_107_21_000052_000017	離異师来其男女同坐财礼入官
HVH_107_21_000052_000018	娶親属要妾
HVH_107_21_000052_000019	其親之要曾被出及
HVH_107_21_000052_000020	嫁而娶為妻妾者
HVH_107_21_000052_000021	無服之
HVH_107_21_000052_000022	親不論
HVH_107_21_000052_000023	各杖八十若收祖父妾及伯叔母者不
HVH_107_21_000052_000024	嫂弟七收弟婦者
HVH_107_21_000052_000025	改家俱华
HVH_107_21_000052_000026	不同被出
HVH_107_21_000052_000027	各校妾各成要
HVH_107_21_000052_000028	被出改你原你委娶安当從
HVH_107_21_000052_000029	考减之要論厚像意而娶为
HVH_107_21_000053_000001	约捉安
HVH_107_21_000053_000002	减科
HVH_107_21_000053_000003	若娶同宗總麻以上姑姪姉妹者谷以奸論
HVH_107_21_000053_000004	北者除應
HVH_107_21_000053_000005	並離異、
HVH_107_21_000053_000006	前夫子女共後夫子女合成婚者以娶同母異父妨妹律徐科
HVH_107_21_000053_000007	0九府縣親民官任娶部民婦女為妻妾者八十並监官娶為事人要安
HVH_107_21_000053_000008	及女為要委者杖一百女家主婚人立同罪妻妾仍两離之女给親财礼入官若特娶
HVH_107_21_000053_000009	各加二寺女家不坐不追射礼若于孙弟好家人娶者罪亦如之男女不坐
HVH_107_21_000053_000010	几要犯罪逊者婦女婦妾者知逊走之情者同罪至死者减一不知
HVH_107_21_000053_000011	者不坐若無夫令赦免罪者不離兴
HVH_107_21_000053_000012	一豪功之人弦奪良家妻女好占为妻妾或賣共他人為妻妾及拔献王府及
HVH_107_21_000053_000013	4
HVH_107_21_000053_000014	熟威之家並校候若被奸污而婦女自尽者軒候婦女给親
HVH_107_21_000053_000015	女为宗
HVH_107_21_000053_000016	婦为夫
HVH_107_21_000053_000017	若配共子孫弟妇家人者罪同监候所配之男女不坐
HVH_107_21_000053_000018	九僧道有娶妻妾者杖八十回俗女家主婚同罪離異财礼入官
HVH_107_21_000053_000019	子侠不事姑
HVH_107_21_000053_000020	安背夫在进老杖一百從夫嫁賣其妻因而改嫁者校监候其因夫逊亡三年之内
HVH_107_21_000053_000021	告官司之规理
HVH_107_21_000053_000022	须行三年之处
HVH_107_21_000053_000023	明
HVH_107_21_000053_000024	不告官司而逊去者杖八十核自改嫁者一百妾各减二寺有主婚媒
HVH_107_21_000053_000025	人及财礼乃坐無主婿媒人不成婿礼者即以和好刀奸論其妻妾仍從夫嫁賣
HVH_107_21_000054_000001	若婢背家長在逊者杖八十因而改嫁者杖百给回家長寓主及知情娶者谷
HVH_107_21_000054_000002	妻妾肆同罪至死减一苛财礼入官不知者不坐
HVH_107_21_000054_000003	一期的已至五年人無遇不
HVH_107_21_000054_000004	娶及夫逊亡三年不回者並咱經官告给批照别行改嫁亦不追财礼
HVH_107_21_000054_000005	一九神庶民之家如有将婢女不行婚配至令孤寡老八大民
HVH_107_21_000054_000006	侧被贖金令其翠配
HVH_107_21_000054_000007	一冬地方民人不不得人結親北之偿
HVH_107_21_000054_000008	南之高绵
HVH_107_21_000054_000009	边
HVH_107_21_000054_000010	者雕
HVH_107_21_000054_000011	異民入照迪制律杖一百主官通事减一等各杖九十地方官如有情故题参
HVH_107_21_000054_000012	卢律
HVH_107_21_000054_000013	交部設其從前已娶生子嗣者即要安置本地才民不許往來番社者照
HVH_107_21_000054_000014	不應重律杖八
HVH_107_21_000054_000015	五十三
HVH_107_21_000054_000016	倉库事務
HVH_107_21_000054_000017	九收夏税於五月日開七月終齐定秋税十月日開食十二月终齐尺限
HVH_107_21_000054_000018	不足者其提調官吏分催里長欠粮人户各以十分率一分不足者杖六十每一
HVH_107_21_000054_000019	分加一等罪校正一百受財而容地欠計所受赃以社法從重論
HVH_107_21_000054_000020	平解交收作正效若倉官不令
HVH_107_21_000054_000021	户行踢斛淋尖多收斛而者杖六大以餘数計重者坐論罪止
HVH_107_21_000054_000022	杖一百提調官吏知而不者同罪不知者不坐
HVH_107_21_000054_000023	。九榄被他人税者如民間揽不通外取盈餘六十著落赴倉再退賞
HVH_107_21_000055_000001	一半八官若监陷主官從挟芳搅者罔下取利何以禁察他人應加罪二
HVH_107_21_000055_000002	若搅之人或將的包揽銳粮侵獨費用被不足效或指親費各色額外多
HVH_107_21_000055_000003	科或全侵入已并計分别科罪
HVH_107_21_000055_000004	管民地方官員借用銀钱相贷逾期不能被者即離任限一年清刑開復
HVH_107_21_000055_000005	若限内不足革职著家産填償
HVH_107_21_000055_000006	課程充容商税不级課程者平物貨二半入官
HVH_107_21_000055_000007	户律
HVH_107_21_000055_000008	筑债
HVH_107_21_000055_000009	或利
HVH_107_21_000055_000010	九私放钱债及典当财物每月取利並不過三分年月多不遇一本一息通者
HVH_107_21_000055_000011	答以餘利計重於者坐雕論罪止校一百若临官吏於部
HVH_107_21_000055_000012	举放残典当财物者八十迎禁取利以徐計赋重杖者依枉法論
HVH_107_21_000055_000013	並追除利給生其負欠债的不回者五两以上迎三月答十每月加一苛罪止答
HVH_107_21_000055_000014	五十两以上三月二十每月加一罪止五十百丙以上三月三十每
HVH_107_21_000055_000015	月加苛罪止杖六十並本利始主若豪助之人不告官司以私债强奪取人学
HVH_107_21_000055_000016	畜産業者八十若佑價過本利者計多餘之物坐脏論依效追四主若准
HVH_107_21_000055_000017	折人妻妾子女者树一百奪者加因强奪而好占婦女者
HVH_107_21_000055_000018	私债免还
HVH_107_21_000055_000019	口龄舰
HVH_107_21_000055_000020	咱送官吏监生人等借债共债主及保人同赴任所取償至五十
HVH_107_21_000056_000001	以上借者革職债主及保人各加号一月数落债追入官
HVH_107_21_000056_000002	一几受寄他人财物畜產而贵用者坐眩論成一等訴言死失者准窃盗
HVH_107_21_000056_000003	論成一並追物回主其被水火益賊損失及病死有顯述者勿論
HVH_107_21_000056_000004	一九市見人有所賣買在像混以已物高下比價以相惑乱而取利者答
HVH_107_21_000056_000005	九私造斛斗秤税不手在市行使及将官科斗秤权作弊增病者杖六
HVH_107_21_000056_000006	同菜
HVH_107_21_000056_000007	工匠
HVH_107_21_000056_000008	禮律
HVH_107_21_000056_000009	祭祀
HVH_107_21_000056_000010	九天地社稷文祀及庙享礼部堂官不将祭祀日期预先告示諸衙門者
HVH_107_21_000056_000011	笞五十因不告示而失誤者罪坐失誤之人亦杖一百
HVH_107_21_000056_000012	。几人亲毁大祀神御太庙之物者杖一百徒三年雌輕必坐
HVH_107_21_000056_000013	凡社稷山風雲雷雨神及境内先代聖帝明王忠臣烈女載在祀典應
HVH_107_21_000056_000014	令致祭神所在有司置立牌面開定神號祭祀日期於漂净慶常用懸
HVH_107_21_000056_000015	依时致祭失誤祭祀者杖一百其不当奉祀之神非礼典听载而致
HVH_107_21_000056_000016	所司
HVH_107_21_000056_000017	祭义者
HVH_107_21_000056_000018	0儿区代帝王陵及先聖先贤忠臣烈女境亦在有司当加護守不許於上
HVH_107_21_000056_000019	燕薪耕作及牧厅羊耕等畜迪者枝八
HVH_107_21_000056_000020	儿私家尚天拜斗焚焼夜香香燃照天燈七燈續神明者杖八十婦人
HVH_107_21_000056_000021	有罪坐家長若增道修备設醮而拜奏請詞表文及祈褒火灾者同罪
HVH_107_21_000057_000001	答四大坐罪夫男無夫男者罪坐本婦
HVH_107_21_000057_000002	一尼增道軍民人於各寺庵院神庙习奸婦女仍先於寺庵院庙門首加号了
HVH_107_21_000057_000003	月满日将犯奸之奸边遠充单其婦女依本律科罪
HVH_107_21_000057_000004	0凡師巫假降邪神書符呪水扶焉聖一切左道異端之術或藏圖像烧香集
HVH_107_21_000057_000005	福夜聚朝散俾修善事煽惑人民為首者候為徒者各杖一百流三千里
HVH_107_21_000057_000006	若軍民装筋神像嘱擊鼓神赛会者杖一百罪坐為首之人里長知
HVH_107_21_000057_000007	而不告者管其民間義社春秋以行祈禳者不在北倒
HVH_107_21_000057_000008	0邪術惑眾該地方官不行禁在京监城使在外营鎮官徇行疣不
HVH_107_21_000057_000009	糾参一供交共該部废
HVH_107_21_000057_000010	儀制
HVH_107_21_000057_000011	0凡和合御薬誤不依本方及封题誤醫人树一百差造御膳誤犯食禁厨
HVH_107_21_000057_000012	子杖一百若临提調官反厨子人誤将好雜藥造膳度听者杖一百
HVH_107_21_000057_000013	将雜菜就令自买、
HVH_107_21_000057_000014	0几乘共服御物收修整不如法者状六
HVH_107_21_000057_000015	十老御幸册船誤不坚因者工正杖一百
HVH_107_21_000057_000016	0凡私家收圖議應禁之物及圖繪区代王圖像金王重符等物一百
HVH_107_21_000058_000001	並於犯人名下著落給付告人充赏、
HVH_107_21_000058_000002	凡朝贺迎接詔書所司不
HVH_107_21_000058_000003	预告先示者四十其已承告示而失誤者罪亦如之
HVH_107_21_000058_000004	凡祭祀及拜謁園凌期會行禮差錯及失次者罰体一月
HVH_107_21_000058_000005	有朝待從官员特承顧問官高者先行回奏单者以次進过若失
HVH_107_21_000058_000006	序罰俸一月0凡國家政令得失軍民利病一切典利夫害之事並
HVH_107_21_000058_000007	從六部官面奏區及科道督無各陳所見直言無隐者内外大小官員
HVH_107_21_000058_000008	但有本街門不便事件許令明白陳合题奏之本管官是封進
HVH_107_21_000058_000009	取自上歲具陳言事理並要直簡易不許虛動文旅横之徒
HVH_107_21_000058_000010	以上書巧言令色求進用杖一百
HVH_107_21_000058_000011	一上司入城儿文武屋员止許出
HVH_107_21_000058_000012	行三里巡送如不入城在境内经遇巡送必至郊界
HVH_107_21_000058_000013	0营镇赴任所屋将無迎接除跟仗从其司事共丁不得遇十名出域
HVH_107_21_000058_000014	不得遇五里其副参官赴任员無接除跟役外兵不得五各出不
HVH_107_21_000058_000015	得遇三里如委屋多带兵丁越境造迎及上司容令遂俱交部照律持處
HVH_107_21_000058_000016	一軍民人於街市遇見官員引導經遇下馬避不許街火迪者五十
HVH_107_21_000058_000017	屋员共上司親戚子孙有承便缘人事购嘱者按律董职治罪
HVH_107_21_000058_000018	凡公差人员在处不摘礼法欺陵守禦官及知府知知杖六十
HVH_107_21_000059_000001	公堂乃保民仰之如奴仆宅隸人入正門馳當道坐公座者杖十徒
HVH_107_21_000059_000002	一年半吏员承差人寺加一．若六部在京谷衙門人役按奉批差敢有越
HVH_107_21_000059_000003	犯分者許听在官長定封参奏照例治罪
HVH_107_21_000059_000004	0民房舍車服器物之各有第若迪式用無官者笞五罪坐家
HVH_107_21_000059_000005	正並五十若僭用迪禁龍鳳者官民各杖一百徒三年迪禁之物並入官咱告者
HVH_107_21_000059_000006	官給價銀五十雨
HVH_107_21_000059_000007	一庶民未入仕冠用几巾鳥色攻無妨衣用交领黑
HVH_107_21_000059_000008	制色靴全用黑色衣服並不得用金繡許用绿狡细锅素妙婦人金
HVH_107_21_000059_000009	首筋一件金耳花一对食止用銀翠不得製造花樣全帳慢許用秒
HVH_107_21_000059_000010	並不得用靓黄龍风纹伞盖止用細纸小雨不得用盖一切服筋不
HVH_107_21_000059_000011	得借用正黄火黄深黄浅黄諸色器用不得用殊红黄颜色並不許造
HVH_107_21_000059_000012	厚從北货磁器原有龍属校者不在禁创馬用紫黑漆包無銀飾與用
HVH_107_21_000059_000013	蓝色烟梁無刻黑深欄子蓝色木軸居堂舍不遇三間二架
HVH_107_21_000059_000014	韩廷
HVH_107_21_000059_000015	庶民堂舍
HVH_107_21_000059_000016	並不得彫筋模默形其間效多少不在禁创器皿止禁用黄色其殊
HVH_107_21_000059_000017	全不在禁。一几地九步穿心一十八步止用礦誌
HVH_107_21_000059_000018	尼僧尼道士女冠並令拜父母祭礼祖先丧服寺第皆共常人常目百
HVH_107_21_000059_000019	迪者林
HVH_107_21_000059_000020	0凡天文垂象如日食月食飲天失於占候不奏聞者杖
HVH_107_21_000060_000001	尾陰陽術不許於官员文武之家妄言國家祸福迪者杖一百其依輕推算
HVH_107_21_000060_000002	星命卜課不在禁限言無同國事也
HVH_107_21_000060_000003	。聞父母死及夫之丧医不舉丧者校六十徒一年若丧制未終释服從吉七
HVH_107_21_000060_000004	喪作樂及参题宴者杖八十着聞期親尊長喪医不舉哀者亦杖八十若
HVH_107_21_000060_000005	官吏父母者應丁爱称相父母伯叔兄娣之丧不丁憂者百罷役
HVH_107_21_000060_000006	不叙其仕官遠方丁憂者以聞丧月日爲始
HVH_107_21_000060_000007	信制
HVH_107_21_000060_000008	官吏丁爱除公罪不問外其犯罪及官钱粮依向例
HVH_107_21_000060_000009	。祖父母世年八十以上及篤疾别以次侍成丁而親之枝八十
HVH_107_21_000060_000010	在官员祖父母父母年七十以上家無以次成丁者或有兄弟疾而不侍養
HVH_107_21_000060_000011	及老母雖有兄弟而同父異母者及父母年至八十以上雖家有次丁顾請侍
HVH_107_21_000060_000012	者或出任便兄弟忽遭事故無人奉者或父母己故其本生父母老疾
HVH_107_21_000060_000013	原請終者均不体三年之限营供官明創庫錢粮並無戲虚
HVH_107_21_000060_000014	任内並無誤取其印结具题俱准其回籍終親終服之後該营
HVH_107_21_000060_000015	官春赴部颂神。一儿民間丧之事凡有聚集演戲友彩演
HVH_107_21_000060_000016	雜副等或用管法唱伏者地方行禁通者照制律治罪
HVH_107_21_000060_000017	裘祭之事随家儉御当互相帮助不得接以部例要索牛猪酒
HVH_107_21_000061_000001	食阻人孝事迪者杖八十
HVH_107_21_000061_000002	0凡人嫁娶聘礼專厚薄随宜勿使定契兆
HVH_107_21_000061_000003	田嗣佳侧残郑人纳在本郑富者一贯二陌次者陌食者陌如别社
HVH_107_21_000061_000004	商
HVH_107_21_000061_000005	人富者二貫肆陌次者一贯二陌貧者法陌不得過索再如婚家在别既行
HVH_107_21_000061_000006	聘後本婦不得索年
HVH_107_21_000061_000007	喝歌钱若迪者許事主陈告里長五十
HVH_107_21_000061_000008	郑党叙齒士農工商人年居相見及歲時安會揖拜之礼幼者先施坐次
HVH_107_21_000061_000009	之例長者居上如細戶見细主不論齿序並行以少事長之礼若親星不均
HVH_107_21_000061_000010	传制
HVH_107_21_000061_000011	止行親屋礼。一都党坐序年高有德坐上年高篤並之以次序齿
HVH_107_21_000061_000012	而别其有曾迪條保犯法之人有坐从不許轻越正康迪者照律治罪
HVH_107_21_000061_000013	社民如公私事務会集止用关苗礼不得托以都侧事给教民群聚
HVH_107_21_000061_000014	飲酒迪者答五大
HVH_107_21_000061_000015	。社民間有科場敕命或次至企老齒爵例当贺
HVH_107_21_000061_000016	坐次例当搞望只許大贺礼用牲染关苗替钱參贯尋常里用
HVH_107_21_000061_000017	染芙蕃替钱壹贯五陌若里长冶装御创索擾者依迪制律
HVH_107_21_000061_000018	共律
HVH_107_21_000061_000019	宫衞
HVH_107_21_000061_000020	0凡核入太庙門及山陵兆城門者杖一百守衞官故縱者共同罪
HVH_107_21_000061_000021	几八紫城及禁花者各杖一百核入宫殿門杖六十徒一年核入御膳所及
HVH_107_21_000062_000001	御在者候若無籍月他人而八者罪亦如之不係宿衞應直合带兵服
HVH_107_21_000062_000002	之人但持寸刃八宫衙門外者监候
HVH_107_21_000062_000003	。九宫禁城門宿徽守衞人核有代替
HVH_107_21_000062_000004	及替之人各杖六十其應道不道者答若在直而者罪亦如之
HVH_107_21_000062_000005	。午門外御道至御除侍官軍導以車駕出入許於東西両傍行走外
HVH_107_21_000062_000006	其餘文武百官軍民人無故於上直行及敕度御橋者八十若营屋中
HVH_107_21_000062_000007	直街突御道老杖一石
HVH_107_21_000062_000008	0无向太庙及宫殿射箭放碑拔碍石者图候
HVH_107_21_000062_000009	吾律
HVH_107_21_000062_000010	傷人者斬。凡在城京内犯罪極刑之家同居之人口即迁發别其應
HVH_107_21_000062_000011	有犯树之人不得入近待宿街守把城門若容者罪同
HVH_107_21_000062_000012	朦脆充當者监侯其官司
HVH_107_21_000062_000013	。九車駕行除近侍臣及宿衛護駕官軍外其餘軍民並須迴避街八儀
HVH_107_21_000062_000014	者雜犯准徒若在郊野之外一時不迎避者咱伏道其文武百官非
HVH_107_21_000062_000015	宣喚無故八儀伏内者杖一有若有申訴柳者止許於府伏外以咱若衡
HVH_107_21_000062_000016	儀伏而所协事不者統候得者免罪越皇城門者京城
HVH_107_21_000062_000017	百流三千里越各府州镇所城老杖一百官床公解墙垣者枝一百越西未遇
HVH_107_21_000062_000018	者各减一等若有所外避者從重論。各我門應閉而誤不下鑽者
HVH_107_21_000062_000019	十非時核開者放一百其有公務急速開閉不在此限
HVH_107_21_000062_000020	軍政
HVH_107_21_000063_000001	将帥部領軍馬守御城地及屯駐边嶺管地方過有报到軍賊生發即辰
HVH_107_21_000063_000002	差人經探緩急聲息须先申报本管上司研连朝廷奏聞給降
HVH_107_21_000063_000003	聖肯調遣官軍征討若有做急不先申报上司雖已申报不待迴报所属
HVH_107_21_000063_000004	論兵馬及所属者杖一百罷取边遠充軍其暴兵卒致欲求攻襲
HVH_107_21_000063_000005	有叛友應事有做急而路途遥遠者並咱從便火速調扒軍馬乘
HVH_107_21_000063_000006	捕若賊冠滋蔓應合會捕者鄰近官軍雖非屋亦得調策應並申
HVH_107_21_000063_000007	軍政
HVH_107_21_000063_000008	报上司轉遵知會若鄰近不策應並與調扒同罪克平之後随将音差
HVH_107_21_000063_000009	人冠报無少停留若有降之人即便送赴统央官轉道朝區其食
HVH_107_21_000063_000010	取求之人财物因而殺傷人及中途逼勒逊竄者斬候
HVH_107_21_000063_000011	聞知反統將軍調兵討襲番及收捕及逆賊徒密大事而池
HVH_107_21_000063_000012	漏於敵者树一有徒三年若近侍官员泄编机密重事於人者赖
HVH_107_21_000063_000013	不
HVH_107_21_000063_000014	奉事校一百罷
HVH_107_21_000063_000015	。九官軍臨當征討已有起程日期而稽留不進者一日七十每日加一若故自
HVH_107_21_000063_000016	傷残及詐為疾患之以避征杖者各加一等並罪止杖一百仍出征及軍
HVH_107_21_000063_000017	臨敵境託放迎期一日不至者杖一百三日不至者斬盈候若立功贖罪
HVH_107_21_000063_000018	官區度
HVH_107_21_000063_000019	促统领
HVH_107_21_000063_000020	。凡軍人不親出征屋借人代替者替身杖八十正身放百依首著伍若
HVH_107_21_000063_000021	承差無領官藥随軍征進轉雇庸医代替者八十守边帥自
HVH_107_21_000064_000001	令軍人於外境虜掠人口财物者杖一百罷戰發附边元軍若軍人曾經申
HVH_107_21_000064_000002	本管目私出从境雾惊者為者杖一百為徒杖九十傷人為首者断為徒杖一百
HVH_107_21_000064_000003	边适充軍若本管頭目检束不杖六十任其边境城色有賊出伏乘机领兵攻
HVH_107_21_000064_000004	不在此限差已附地面房掠者
HVH_107_21_000064_000005	0几守边将帥被賊攻困城不行固守而朝去亲及守備不為賊听而失陷城
HVH_107_21_000064_000006	者新盟候其官军陣先退及团闭敵城而逊者
HVH_107_21_000064_000007	軍政0各守禦官不安犯律不操缺軍伍及城池不坚衣甲器杖不者初犯枝八十再
HVH_107_21_000064_000008	犯杖一百官堤備不無取無方致部軍人反者該管各杖一百追奪結執近遠
HVH_107_21_000064_000009	充軍若案城而者新監候。儿牧民之官失於無字
HVH_107_21_000064_000010	破失城池考新支侯
HVH_107_21_000064_000011	术法行事缴变方民国面聚
HVH_107_21_000064_000012	0几軍民人官給衣甲刀旗幟一應軍器私下貨賣者杖一百边造充軍官軍私
HVH_107_21_000064_000013	尼民間私有人馬甲傍牌火筒火碗旗另带之應禁軍器者一件杖十每
HVH_107_21_000064_000014	件加私造者加私罪一谷罪止杖一百流三千里非全成不堪用勿論許令官
HVH_107_21_000064_000015	其銅驾方箭及魚禾不在禁限0几管官正副衞奇及管隊軍史
HVH_107_21_000064_000016	放軍人出百里之外買或私耕田去或隐占在已使唤空軍状不行探
HVH_107_21_000064_000017	備者一名核八十每三名加共罪上杖一百罷取若受理放賣者
HVH_107_21_000065_000001	0公侯非奉特不得私自呼唤官軍前去役使迪者初犯再把免罪三犯請其
HVH_107_21_000065_000002	军人同
HVH_107_21_000065_000003	0几官軍徒軍征討私回家及往他听者仍出往再犯者盟候知情寓者
HVH_107_21_000065_000004	一百充军里長知而不告者杖一百
HVH_107_21_000065_000005	陣亡疾故官軍回都家属行粮脚有
HVH_107_21_000065_000006	司不即應付者远一日二十每三日加一罪止管五
HVH_107_21_000065_000007	军改
HVH_107_21_000065_000008	凡京城夜禁更三黑鼓聲已静之後五更三點聲未動之前犯者答三十二更三
HVH_107_21_000065_000009	更四更犯者管五十从郡城镇各减一其公務急速疾病生産死丧不在禁限
HVH_107_21_000065_000010	開津
HVH_107_21_000065_000011	六+9
HVH_107_21_000065_000012	私疫開津者杖八十若開不由門津不由疲别從間道而越疫
HVH_107_21_000065_000013	者九十若越冶边佣寨者杖一百徒三年安把之人知面放縱同罪
HVH_107_21_000065_000014	凡不庭給引之人最口之從及軍民民為軍若代替告給引
HVH_107_21_000065_000015	謂配遗四徒安
HVH_107_21_000065_000016	當官吏咱從及知情給典同罪
HVH_107_21_000065_000017	津往来船守把之人不即整放行無故阻當者日二十每日加一罪止
HVH_107_21_000065_000018	讲事
HVH_107_21_000065_000019	管五十若官豪劳要之人来径遇開津不报卧者杖一百
HVH_107_21_000065_000020	凡缘边闹塞及服装地面但有境内奸细走透息外人及境外奸细入境内保
HVH_107_21_000065_000021	咱事情盘判官者须要何按引起謀之人定皆經遇去守把之人知而故
HVH_107_21_000066_000001	縱及隐匿不首並共犯人同罪至死减一失盘結者官被一有軍杖九十
HVH_107_21_000066_000002	0九将馬牛軍需鐵货銅残銀胥細絹私出外境货及下海者杖一百担
HVH_107_21_000066_000003	取载之人減一物貨船車並入官内十分以三分付告充赏
HVH_107_21_000066_000004	鹿牧
HVH_107_21_000066_000005	千象
HVH_107_21_000066_000006	0凡私宰有已馬牛者杖一百助再官誤殺及病死不坐若故縱殺他人馬牛校
HVH_107_21_000066_000007	收
HVH_107_21_000066_000008	七十徒一年半官畜同若計重於本罪者唯窃盗論
HVH_107_21_000066_000009	。馬牛及犬有觸咬人若有狂犬不殺者營四十因而殺傷人者以過失論收
HVH_107_21_000066_000010	贖船主若故放令殺傷人者减圖殺傷一寺其雇医療畜及無故自觸之而被殺
HVH_107_21_000066_000011	者不坐若故令放殺傷他人畜者各答四追倍價给主
HVH_107_21_000066_000012	0儿收官馬牛羊等畜听得享生限十日办报官若限总匿不报计脏准窃监
HVH_107_21_000066_000013	因而盗賣或抵换者並以盈守自盗論
HVH_107_21_000066_000014	几主守将官畜牛私自借用或轉借與人及借之者五十日追
HVH_107_21_000066_000015	崔償钱八官若計雇償主者各坐論加
HVH_107_21_000066_000016	郵驿
HVH_107_21_000066_000017	0铺矢迎送公文昼夜行三百里结三石二十每三刻加一等罪答五十其公
HVH_107_21_000067_000001	文到铺不问再多火须要道即迎不許待後来文書迪者答鋪司二十
HVH_107_21_000067_000002	0凡在外大小各衙門但有八退進呈是封公文至御前而上司官令人中途
HVH_107_21_000067_000003	急远铺邀载助四者不物这近從本铺司铺央赴在官司告舉者放八
HVH_107_21_000067_000004	即申呈上司不申者校八十轉達該部奏聞追究得斬盟候邀截進表准此
HVH_107_21_000067_000005	0凡急远舍損不務修理什物不備捕兵效少不为铺置及令老弱之人当
HVH_107_21_000067_000006	者長答五十有司提調官夷各笞四
HVH_107_21_000067_000007	。凡各衙一應公差员人不許差使捕兵概送官物及私已行李迪者每各計
HVH_107_21_000067_000008	日造雇工銀八分五厘五毫入官
HVH_107_21_000067_000009	六十六
HVH_107_21_000067_000010	0文書應給杖驛而不給者放一百因而設失軍者斬监候
HVH_107_21_000067_000011	公事有應起解官物同徒畜產差人管送而留及公事有期限而迎者
HVH_107_21_000067_000012	日管二十每三日加一罪止管五十若起解军需道後供而管选限者各
HVH_107_21_000067_000013	加二等罪止执一百以臨敵驶乏失軍礼斬候
HVH_107_21_000067_000014	儿公差人员出外韩辨公事占宿驿舍正商上房者答五十
HVH_107_21_000067_000015	。几各衙門官吏及出使人員使人民者六十若豪富之家從使
HVH_107_21_000067_000016	轎者罪亦如之每各計日追雇給工錢其民間出錢雇工者不在此限
HVH_107_21_000067_000017	0几軍民官在用以理病故家屋無力不能回卿者所在官司差人管领應住腳
HVH_107_21_000068_000001	力随程駅口官给行粮迟四迪而不送者杖六十
HVH_107_21_000068_000002	0凡承差起解官物徒畜產不親管送而雇人寄人代领选者杖大十因而损失官
HVH_107_21_000068_000003	物畜度及失囚者依律各從重論受雇受寄人各减一
HVH_107_21_000068_000004	。几因公差應乘車馬牛者除随身依外私駝物不得過十介迪者五斤
HVH_107_21_000068_000005	十每十斤加一罪止杖六十
HVH_107_21_000068_000006	一遭運船雙除運軍自带土宜貨物若附富芳要之人等貨物者将本
HVH_107_21_000068_000007	驛
HVH_107_21_000068_000008	船運軍若載人員依律治罪貨物入官其押運有犯依律交部議度
HVH_107_21_000068_000009	刑律
HVH_107_21_000068_000010	盗賊上
HVH_107_21_000068_000011	謀友及大道但共謀者不分首徒皆陵远死祖父父子孫兄弟及同
HVH_107_21_000068_000012	居之人不分異姓反期親不限之同異年十六以上不論笃疾廢疾皆朝
HVH_107_21_000068_000013	十五以下及母女妻妾娣妹若子之妻妾给付功臣之家奴财產入官若女
HVH_107_21_000068_000014	姉妹已师其夫子孙遇房與人及聘妻未成者不知免坐知情故縱隐藏者
HVH_107_21_000068_000015	有能神变者将犯人财全給充赏授以官我知而告者止給财產
HVH_107_21_000068_000016	0一叛案办干連流犯如犯本身故妻子免流其有人本愚妄書往赎或圈财物
HVH_107_21_000068_000017	興主邪教尚未傳徙惑眾並好徒恢私嫌将逆重情控造医各場冀圖陷心照
HVH_107_21_000069_000001	逆及謀敖走罪之案正犯照律辩理其家屋免其録坐
HVH_107_21_000069_000002	。凡造識謀妖書妖言及傳用惑世眾者皆斬候被惑人不坐若私有妖書
HVH_107_21_000069_000003	隐藏在家徒三年
HVH_107_21_000069_000004	凡盜制書皆盜各縣門文書皆杖一百刺子若有所避者從重論有千軍
HVH_107_21_000069_000005	机线粮者皆校盈候不分首徒
HVH_107_21_000069_000006	0盜各衙門印信者皆候信時盗印信者皆杖百刺
HVH_107_21_000069_000007	不分首及偽印
HVH_107_21_000069_000008	刑律
HVH_107_21_000069_000009	0凡盗内府财物保御宝乘與服御物者俱作犯罪其除监守寺人盗倉
HVH_107_21_000069_000010	鼎
HVH_107_21_000069_000011	库銀财帛芳物俱照创定指
HVH_107_21_000069_000012	4+
HVH_107_21_000069_000013	城門不分首徒皆杖一百流三千里盗府州縣鎮城門杖一百徒三
HVH_107_21_000069_000014	年盗倉庫門鑰皆杖一百並刺子
HVH_107_21_000069_000015	0凡圆陵内樹木者杖一百徒三年若益他人墳莹内樹木者枝八十、
HVH_107_21_000069_000016	0益賊已行而不得财者杖一百流三千里但得财者不分首徒皆耕以
HVH_107_21_000069_000017	染迷人圖物者罪同老窃時有拒神反殺傷人皆盈候固盗而奸者罪
HVH_107_21_000069_000018	亦如之不曾助力不知拒補殺傷人共盗之人及奸情者止依窃盗論
HVH_107_21_000069_000019	0益軍器者計以盗
HVH_107_21_000069_000020	0无强盗殺人放火焼人房屋者奸污人要女打牢獄倉庫及干绿城池
HVH_107_21_000070_000001	街門積至百人以上不分曾否得財照但得財論斬隨即奏請審次
HVH_107_21_000070_000002	集示若捐傷人而未得财及首犯新监候为從选食边如未得财
HVH_107_21_000070_000003	及未傷人首犯边遠從犯流三千里
HVH_107_21_000070_000004	0凡强盜有天軍器白日道路眩誣明白者俱不分人效多少曾否傷
HVH_107_21_000070_000005	人依决於行首示泉其津行劫大盗並照此律例
HVH_107_21_000070_000006	一楠役及防守所並承辑益按兵無為盗雖非造意為首均照律指輸立央
HVH_107_21_000070_000007	共失税之當該管官吏交部處
HVH_107_21_000070_000008	一事重道止許到官咱一次認一次听認物即給主率家不得往返施
HVH_107_21_000070_000009	累迎者将審官加厦
HVH_107_21_000070_000010	二事重呈教盗情不許虛倘有並無被及以盗窃为强以奸为益者
HVH_107_21_000070_000011	俱執一百若奸棍豪神憑空程報盗劫籍以害平人者照人死罪未次律門
HVH_107_21_000070_000012	道遣里長鄰佑扶同者各照事重减一寺治罪
HVH_107_21_000070_000013	0强益重案交所部官審鞠不許捕官私行審訊番捕寺役私考取供迪
HVH_107_21_000070_000014	者加號一个月杖一百革仅如得財及誣随無辜者徒重論科罪
HVH_107_21_000070_000015	0强盗到来審宴先将各犯家產封記候题結之日将盗犯家産变赔如該犯
HVH_107_21_000070_000016	之父母兄弟伯叔知情分贬
HVH_107_21_000070_000017	徒其雖得财定不知情者减盗一
HVH_107_21_000071_000001	明治罪若著浴伊名下追賠倘案内各益或有並無家產以及从之人無
HVH_107_21_000071_000002	封哉開報者将案内盗犯及属家有家産者除應赔本身脏物外或有利
HVH_107_21_000071_000003	行交償代赔尚有将無干親族及未並分脏之親属珠連累
HVH_107_21_000071_000004	該营責
HVH_107_21_000071_000005	参護處
HVH_107_21_000071_000006	一强盗引線除盗首先已立意劫某家僅止咱徒引路者仍照例以提盗論罪
HVH_107_21_000071_000007	如首盗並無立意之家其有重姓谷行切益悉由引線指出又涯分
HVH_107_21_000071_000008	贼4得财物者难未同行即盗首一体罪不得以情有可原聲前
HVH_107_21_000071_000009	盗賊中
HVH_107_21_000071_000010	劫囚者不分首從皆斬若私窃放囚逊走者同罪至死者减一窃而未
HVH_107_21_000071_000011	得囚者减囚二共而傷人校候殺人者為從各减一若官私司
HVH_107_21_000071_000012	差人追微行粮句攝公事及捕獲罪人聚中途打者為首流三
HVH_107_21_000071_000013	里因而傷差人者破候殺人及聚十人首者斬下手致命者統為促各
HVH_107_21_000071_000014	城一苛其年家人随徒打奪者止坐尊長其家亦曾傷人者
HVH_107_21_000071_000015	首促論
HVH_107_21_000071_000016	初以化人
HVH_107_21_000071_000017	。一斜行劫在獄罪因如有持器械拒殺官軍者将為首及官之犯
HVH_107_21_000071_000018	此照反通律陵退死下手蒂欧有之人朝首示隨從犯俱
HVH_107_21_000071_000019	吊
HVH_107_21_000071_000020	决若拒傷官軍及殺死杖卒者有并预謀助歐之犯俱立決氣示
HVH_107_21_000071_000021	其隨同助雖未傷人亦指監候秋辰入於情寔
HVH_107_21_000072_000001	白昼搶奪人财物一百徒三年計重窃盗論罪二罪止杖一有流三
HVH_107_21_000072_000002	千里傷人者首斬监侯為從各减一等並石臂膊上刺槍奪二字若因
HVH_107_21_000072_000003	失火及行船遭风著浅者而乘時搶奪财物及折毁船复者罪亦如之
HVH_107_21_000072_000004	其本共人歐或勾捕罪人因而窃財者計聽准窃盗論因而奪去者加
HVH_107_21_000072_000005	罪正杖一百流三千里並免刺若有殺傷人者各從歐論
HVH_107_21_000072_000006	。几泉眾夥謀搶奪路行疑女或賣或自為奴碑者審是不分得财焦不得
HVH_107_21_000072_000007	財為首者立决為從者监候知情故縱買者减正犯罪一等不知者不坐
HVH_107_21_000072_000008	。被灾地方民把搶若並無器械人至多是是槍非强者仍照搶奪
HVH_107_21_000072_000009	本倒問如有斜眾持械按擦事重搜却多者照強益例科其实因灾差航
HVH_107_21_000072_000010	餓見有根介眾扒冀旦久無缨取别者营音定
HVH_107_21_000072_000011	酌量情形
HVH_107_21_000072_000012	0凡窃盗已行而不得财五十免刺但得財以主為重家一家者罪
HVH_107_21_000072_000013	謂加盗得财二
HVH_107_21_000072_000014	併賦論罪
HVH_107_21_000072_000015	謂加十人共益得一家财物計早两銀各分四同通等作一度
HVH_107_21_000072_000016	其十人各得四之罪造意為首杖一百人為從杖九之類
HVH_107_21_000072_000017	为從者各城初犯並於
HVH_107_21_000072_000018	右小臂膊上刺窃盗二字再犯刺左臂膊三犯者监候模者同罪
HVH_107_21_000072_000019	0凡窃盗同居兄伯叔共弟而又分脏者照本犯之罪减二雖經得財而係
HVH_107_21_000072_000020	不知情者减三苛父兄不能禁約子孩為窃盗笞四十
HVH_107_21_000072_000021	凡盗民間围牛猪旱犬者並計所植之以窃益論
HVH_107_21_000073_000001	。盗官畜座者以等人盗論若盗牛馬而殺者
HVH_107_21_000073_000002	好者
HVH_107_21_000073_000003	兼官
HVH_107_21_000073_000004	不計賦即杖一百徒三年若
HVH_107_21_000073_000005	計赃重者加罪二共、
HVH_107_21_000073_000006	0盗牛加号一月八十二号三十五日九十三加号四十日
HVH_107_21_000073_000007	一有四复加号四十日树六十徒一年五加号四十日杖八十徒二年六复以上
HVH_107_21_000073_000008	加号十十日杖一百徒三年十以上被一百流三千里二十隻以上不分脏效
HVH_107_21_000073_000009	多寡拷斬竖候其雖在二十以上如計至一百二十两以上仍照拷候益
HVH_107_21_000073_000010	不分赃
HVH_107_21_000073_000011	。盗田野救爽染桌
HVH_107_21_000073_000012	亦是田野之物
HVH_107_21_000073_000013	加益池点骨
HVH_107_21_000073_000014	及無人看守器物者並計准窃益免刺若山
HVH_107_21_000073_000015	野柴草木石之数他人已用力欲伐積聚而取者罪亦如之
HVH_107_21_000073_000016	民間田加有干已業地費用工力集池塘储畜之水已經業主車库八田封
HVH_107_21_000073_000017	堵而入自窃放以灌己田者無黑夜白日按其淮田禾殼武效照侵占他人旦
HVH_107_21_000073_000018	以管五十每五武加等罪八十徒二年有拒捕者依律以罪人拒捕科断如有
HVH_107_21_000073_000019	被應桶之人殺傷谷依照拔殺傷罪人问若於公共江河澤續築城
HVH_107_21_000073_000020	占為已業或千公地内机築池塘及雖已業尚未車犀八田者俱不得溢引
HVH_107_21_000073_000021	此律有殺傷者仍各分别謀故阅歐定
HVH_107_21_000073_000022	盗賊下
HVH_107_21_000074_000001	凡本宗外姻親属相盗物货期親减无人五等大功减四小功减三
HVH_107_21_000074_000002	麻减二無服减一苛並免刺若行强盗者尊長犯卑亦各依上
HVH_107_21_000074_000003	减罪卑幼犯尊長以人倫論不在减等之限若有傷者各以毀傷卑
HVH_107_21_000074_000004	尊長本律從其重者論同居卑勿将他人益已家財物者卑幼依用财物論
HVH_107_21_000074_000005	二寸罪止杖一百他人减凡盗罪一免刺其同居奴婢雇人强韧家長财物及
HVH_107_21_000074_000006	为引外人同韧家长财物悉照无人盗律定其有殺傷者仍依律從重諭
HVH_107_21_000074_000007	。凡悲嚇取人财物者計難准动盗論加一等免刺若期親以下自将嚇者卑勿
HVH_107_21_000074_000008	犯尊長以凡人論计脏准窃盗加尊長犯車亦依親属相盗律迹
HVH_107_21_000074_000009	减料
HVH_107_21_000074_000010	罪
HVH_107_21_000074_000011	0一所部取财准枉法論若知人犯罪而嚇取财者以枉法論
HVH_107_21_000074_000012	一山恶徒屡次生事行無故援害人民人所共知確有據者若正身
HVH_107_21_000074_000013	芳家效有犯流民人有犯徒如平日並無凶恶寔跡偶然俠逞及
HVH_107_21_000074_000014	屡天籍瑞借索無多尚非寔在凶恶者仍照所犯之罪各依本律
HVH_107_21_000074_000015	問不得
HVH_107_21_000074_000016	险引此例
HVH_107_21_000074_000017	0凡恶棍設法索訴官民或引帖揭帖或提告各衙門或勒是借的嚇訴取重
HVH_107_21_000074_000018	在勒字
HVH_107_21_000074_000019	或者索或銷票食之烦得合此律
HVH_107_21_000074_000020	般被之人一时無借有原立的不左引此例
HVH_107_21_000074_000021	或因阔歐斜紊頸説言欠債遏
HVH_107_21_000074_000022	宿文券或因财不遂竞行此情罪重大寔先事疾者不分曾否得
HVH_107_21_000074_000023	財為首立次為從俱監候其犯人家主兄各管五十官交該部如家
HVH_107_21_000075_000001	父兄首者免罪犯人仍照例治罪
HVH_107_21_000075_000002	。儿边番民人．八蛮民籍差欺凌或強婦女或搶財物及記不遂歌眾
HVH_107_21_000075_000003	欧殺死人命共案所犯查照定侧如原决被失之犯容具题侯命下之
HVH_107_21_000075_000004	日将鼓犯押赴犯事的正法通行明諭該管官員有差驗激動春蛮者仍援
HVH_107_21_000075_000005	倒治罪若止失察交部殿、
HVH_107_21_000075_000006	0用計款欺官以取財物者計助准盗窃諭免刺若期親以下自恃欺者亦依親屋
HVH_107_21_000075_000007	盗論迎减料罪若监臨主安詐取所堅守之物者以监守自盗論未得者减
HVH_107_21_000075_000008	若易認及誰騙拐带人财物者亦計准窃盜論
HVH_107_21_000075_000009	4+0
HVH_107_21_000075_000010	0北設方客而取良人及界賣良人為奴婢者皆树一百流三千里為安妾子孫者校
HVH_107_21_000075_000011	百徒三年被客之人不坐始親聚老假乞養遇房為谷買良家子女轉賣者
HVH_107_21_000075_000012	罪亦如之若和合相及西相情願賣為奴婢者杖一石徒三年爲妻妾子孫者
HVH_107_21_000075_000013	杖九十徒二年半被之人减一未賣各藏一若答賣子孫奴婢者放八十弟
HVH_107_21_000075_000014	娣及原从省已之妻子孩之婦者杖八十徒二年子孩之妾二同堂弟婦堂
HVH_107_21_000075_000015	姪及疑者九十徒二年和情賣者减一未賣者一共被賣早幼不坐給親
HVH_107_21_000075_000016	團聚其賣為婢冬賣大功以下尊卑為奴碑者各從儿人和法若寓主及
HVH_107_21_000075_000017	買者知情並與犯人同罪开保各减犯人一並追償官不知者俱不
HVH_107_21_000076_000001	0掘發填見棺棉者一有流三十里已開棺者見者被便發而未見棺
HVH_107_21_000076_000002	孝杖一百徒三年若先方陷及未埋賓而盗柜者九十徒二年半開棺
HVH_107_21_000076_000003	人論開棺見斬候若棄賣地者罪亦如之買他人穿保知情者各杖八十
HVH_107_21_000076_000004	追償八官地帰宗不知者不坐其已故而依礼迁者俱不坐若残毁他人死屁及
HVH_107_21_000076_000005	屁于水中老杖一百流三千里若棄毁麻以上尊長死屁斬候棄而不失者谷减一
HVH_107_21_000076_000006	若草畏案子孫死者杖其子孫毁案祖父母父母及以奴婢雇工人家長
HVH_107_21_000076_000007	賊下死展者斬监候若穿地死屁不即掩埋者杖一百徒三年若麻以上尊长之屁
HVH_107_21_000076_000008	谷迪加一苛平治他人墓为田圈者杖一百有主墳地内盗者杖八十勒限移
HVH_107_21_000076_000009	若地界内有死人里長地不申报官司檢界而移他及埋藏者核八十以改失
HVH_107_21_000076_000010	杖一百残毁及屍水中者杖一百流三千里若案毁麻以上死屁者监候
HVH_107_21_000076_000011	棄而不失者各减一苛老尊長案毁子孫死屁者杖八十其子孫案毁祖
HVH_107_21_000076_000012	父母父母及以奴婢雇工人案毁家長死屁者斬竖候若穿地得死者不
HVH_107_21_000076_000013	即埋者杖一百徒三年残毁及案水中者六十徒一年残亲之人仍坐流
HVH_107_21_000076_000014	罚案而不失者减一等因而盗取衣服者計准窃监論免刺如有类掘代
HVH_107_21_000076_000015	帝王陵庙先贤臣及前代藩王墳墓俱其金銀交营镇地方
HVH_107_21_000077_000001	官脩葺填塚其玉带珠室等物仍置境内
HVH_107_21_000077_000002	。凡貧人吉壤将达年填盗者于孫告状有確握将盗之人以開棺见
HVH_107_21_000077_000003	律候如非其子孫又有確據之前人基但因有土壕見人埋些
HVH_107_21_000077_000004	犯祖墳墓勿引匪须殿隋害無辜審明将為首者照告人死罪未决律杖
HVH_107_21_000077_000005	一百流三千里為從各照為從律料断若本人祖之填极人插监因將
HVH_107_21_000077_000006	盗之權業掘抛案者若盗者並與靠掘等情止在切填旁盗垒而本家
HVH_107_21_000077_000007	行靠掘者杖十如有葉毁者六徒一年若非像墳地止在田地場围
HVH_107_21_000077_000008	盗垒而地主掘见仍照律被候
HVH_107_21_000077_000009	0比愚民或於风水洗检節各色将已父母及五服内尊長骸骨获
HVH_107_21_000077_000010	檢視占身言凶者均照以葉毁坐罪若有故而以礼迁仍勿論
HVH_107_21_000077_000011	0凡盗之人犯人墳俱照验占官民山場律杖百流三千里如有主墳地及切近
HVH_107_21_000077_000012	墳旁盗倘有侵犯致被地主疾等情者减一徒三年若止於田山
HVH_107_21_000077_000013	内盗者照强占山墙消流律量减二徒一年半仍勤限一月押今犯属
HVH_107_21_000077_000014	迁核逾限不进即将犯屋加示候迁移日釋放其令盗整之地師訟師與犯
HVH_107_21_000077_000015	一體治罪、
HVH_107_21_000077_000016	凡夜無放八人家者八十主家卷辰殺死勿論其己就拘執
HVH_107_21_000077_000017	而殺傷者减阙临二至死者初百徒三年若黑夜又未入室人家止
HVH_107_21_000078_000001	在曠野白日摘取蔬莫苛烦俱不得滥引比律
HVH_107_21_000078_000002	0凡事主因賊犯黑夜偷窃或白日入人家院内偷窃财物并市野偷窃有人者
HVH_107_21_000078_000003	守财物除贼犯恃拒捕者辰格殺仍依律勿論外老非格殺但係
HVH_107_21_000078_000004	辰追捕欧打致死者不问是否已離盗听脯者人效多寡财犯已未得财
HVH_107_21_000078_000005	俱一百徒三年餘人杖八十若賊已跌欧倒地及已就拱叠欧至斃
HVH_107_21_000078_000006	3
HVH_107_21_000078_000007	或有後欧打致死者均照殺罪人指校监候
HVH_107_21_000078_000008	0贼犯曠野白盗田固穀木石等及無人者财物被事主佑
HVH_107_21_000078_000009	贼中打致死者不问是否登辰各照殺罪人指监候其賊犯持杖拒捕签辰
HVH_107_21_000078_000010	格殺仍勿論
HVH_107_21_000078_000011	比强盗寓主造意身雖不同行但分赃者所若不同行
HVH_107_21_000078_000012	又不分脏者杖一百流三千里共謀者行而不分赃及分驻而不行皆若不行又
HVH_107_21_000078_000013	又不分赃者一百若本不同謀相過共盗以臨辰意盗為首餘為從論其知人
HVH_107_21_000078_000014	賣和人及強窃盗後而分者計分脏准窃盗論從論免刺知
HVH_107_21_000078_000015	窃盗眩而故買者計听買物坐論知而寄藏者减一谷罪止杖一百其不知
HVH_107_21_000078_000016	情誤買及受寄者俱不坐
HVH_107_21_000078_000017	0皇親功臣管庄家小佃户人及諸色军民人户勾引来正不明之人寓藏
HVH_107_21_000078_000018	律徒
HVH_107_21_000079_000001	2
HVH_107_21_000079_000002	.
HVH_107_21_000079_000003	0比強盗寫主寓藏分人犯必須有造意共謀情方許以寓論整是物引容
HVH_107_21_000079_000004	留往來住宿並無造意共謀情收者但当寓藏例遣母得附會文詞
HVH_107_21_000079_000005	致聚坐寓
HVH_107_21_000079_000006	丰之罪
HVH_107_21_000079_000007	0謀為强盗辰不行而行者却為窃盗此共謀者分但造意者即為窃盗首果
HVH_107_21_000079_000008	原除人為窃盗從者不分题但造意者即为窃盗從餘人並五十必以辰主意盛
HVH_107_21_000079_000009	者為窃盗首。盗公取窃取皆為盗器物帛之須移徙已離盗所方謂之
HVH_107_21_000079_000010	温珠玉宝货之效八于隐藏縱未将行亦是为益其木石重器非人力腾雖移本
HVH_107_21_000079_000011	未取载者摘未成盗牛馬之须出圈鷹大之须專制在己乃成盗此
HVH_107_21_000079_000012	乃以止盗賊諸例之通侧未成益而有跡証見者依律未得财科断已成益者
HVH_107_21_000079_000013	依律已得財糾断。儿益賊會經刺案者俱原籍收充做跡謂充做之仗以
HVH_107_21_000079_000014	踪跡益之徒該徒者犹消充做該流者流前充做有起除原刺字者被六十神
HVH_107_21_000079_000015	有用藥者成皮灸起除字樣者也
HVH_107_21_000079_000016	。儿强盗刺强盗字命案刺函犯字其裁数誤國欧殺俱免刺
HVH_107_21_000079_000017	凡盗窃刺字如能改遇以盗察盗盗效多者准其起除刺字犯左面刺字、
HVH_107_21_000079_000018	一拿獲無類匪徒年串党駕船設局揽載客商构誘賭摩之類定案辰左面
HVH_107_21_000079_000019	刺誘賭匯犯四字。一壹役犯徒罪以上以當犯二字刺臂流罪以上刺面
HVH_107_21_000079_000020	0一强首徒均刺字其益未未埋死框者面刺盗柜字
HVH_107_21_000080_000001	0九畏罪有首均免刺字惟强盗自首例應外遣者仍刺地面不刺事田所刺字每字
HVH_107_21_000080_000002	昼二分五厘
HVH_107_21_000080_000003	人命
HVH_107_21_000080_000004	凡謀殺人造意者軌监候從而加功者盟候不加功者放一百流三千里殺記
HVH_107_21_000080_000005	乃堡若伤而不死造意者候從而加杖一百流三千里未加功者一百徒三
HVH_107_21_000080_000006	年若謀而已行未曾傷人者爲首执百徒三年從各杖一百但同謀者皆
HVH_107_21_000080_000007	坐其意雖不行减行二善若而得财者同强盗不分首徒皆单
HVH_107_21_000080_000008	0凡勘問謀殺人犯果有詭訴陰謀者方以造意論斬助政傷重者方以加功論
HVH_107_21_000080_000009	謀而已行因聽見者方以强益同辟毋得據言為取謀指取为加力分
HVH_107_21_000080_000010	為得則一致死致伤多命
HVH_107_21_000080_000011	几謀財害命照律朝立决外其有因他事殺人後過見財物因而取去者必審其行
HVH_107_21_000080_000012	山何隙有何見果係初無圖財之恶殺人後見有隨身在物銀便取玄者
HVH_107_21_000080_000013	将所得之財倍给主仍各依本律科断若毅人後掠取家並知有藏畜而取去者
HVH_107_21_000080_000014	得實情仍同强益論罪
HVH_107_21_000080_000015	0儿謀殺人已行其人知竟或墮水等项雖未受傷因謀殺奔脱死他所者造
HVH_107_21_000080_000016	意满流若有人通悍當辰失跌身原謀候為從者校一百流三里
HVH_107_21_000081_000001	0凡本制命出使而在官吏謀及部民殺本屋知知府知軍士謀殺本管
HVH_107_21_000081_000002	0儿謀祖父母及期親尊長外祖父母夫之祖父母父母已行者不问已傷未傷
HVH_107_21_000081_000003	朝已殺者皆凌退死謀殺麻以上尊長已行者有一百流三千里者徒
HVH_107_21_000081_000004	三年已傷者首被己殺者皆朝不问首從其尊長謀殺卑已行各依故殺罪二
HVH_107_21_000081_000005	已傷者减一百已殺者依故殺法林卒徒一年
HVH_107_21_000081_000006	姑謀殺子婦之案除伊婦犯欧等罪仍照本律定外如懂止出言頂
HVH_107_21_000081_000007	命
HVH_107_21_000081_000008	畜意謀殺情節凶残類著者流逹边
HVH_107_21_000081_000009	4
HVH_107_21_000081_000010	儿妻妾共人通好而本夫奸所親獲好夫婦登辰殺死勿論發十美情故特原其
HVH_107_21_000081_000011	殺之罪若止殺死奸夫者奸婦依和奸律断罪其妻妄因奸和謀殺死親夫者
HVH_107_21_000081_000012	远霞死老奸夫自殺其夫者奸婦不知情彼监候
HVH_107_21_000081_000013	。。一非奸前覆好将奸婦逼供而審無奸謀確據者依要致死論如本夫登辰奸
HVH_107_21_000081_000014	獲奸将奸婦殺死奸夫登辰脱逊後被獲到官明好情是寔夫将好
HVH_107_21_000081_000015	监候本夫杖八十其好奸或聞数日殺奸婦好夫到官供認不諱確
HVH_107_21_000081_000016	有定情據者将本夫照殺律徒好林一百徒三年
HVH_107_21_000081_000017	。。一好婦果自其夫好夫果不知情止科好罪
HVH_107_21_000081_000018	.
HVH_107_21_000082_000001	。一奸夫自殺其夫之父母以便往来奸婦雖不知情亦
HVH_107_21_000082_000002	。几好夫自殺其夫好婦不知情而當辰做救事後即行首告将奸夫指拿到官尚
HVH_107_21_000082_000003	有不認致死其夫之情者仍照本律定該营於明法司定者肯
HVH_107_21_000082_000004	。儿婦女拒奸殺死奸夫之業如和好之後本婦悔過拒絕確有証援後被逼将夫
HVH_107_21_000082_000005	致死者照殺律減弄被一百流三千里其因貪財典之通奸後以無力資取拒
HVH_107_21_000082_000006	0儿妾因奸商謀同好夫謀殺正妻照奴謀殺家長律凌逃死若将殺傷而
HVH_107_21_000082_000007	命
HVH_107_21_000082_000008	不死或已行而未傷斬立失奸傷分别曾否起意同謀各照例定理至委若因
HVH_107_21_000082_000009	轩鲜欧故殺正要仍照律科断新
HVH_107_21_000082_000010	0。一本夫本婦之伯叔兄弟及有服親屋皆許捉好如有登辰殺死奸夫婦者
HVH_107_21_000082_000011	並依殺無故八人家之人律杖一百徒三年傷者勿論非登辰而殺依殺罪
HVH_107_21_000082_000012	人律拦监候若捕獲奸夫或因他故致者仍以論謀故殺論如犯奸有據
HVH_107_21_000082_000013	好夫逞拒捕雖非登辰但依罪人拒捕
HVH_107_21_000082_000014	。改嫁妻妾謀故殺夫之祖父母母者並典謀殺見奉姑舅同罪
HVH_107_21_000082_000015	0凡殺一家非應死三人及遠解沽人者凌迟震死則産断付死者之家妻子流
HVH_107_21_000082_000016	二千里從加功者斬
HVH_107_21_000083_000001	一家長殺奴仆非死罪三人者不分官民但发边被人父母妻子悉
HVH_107_21_000083_000002	放為
HVH_107_21_000083_000003	：一为父报仇除因忽逞函安辰連殺一家三命者仍加律例定外如起意将
HVH_107_21_000083_000004	殺之人殺死後被殺者家屋見其官復行殺害致殺一家三命者必究明报
HVH_107_21_000083_000005	情節殺非同辰典辰逞連效命有間将犯斬立次妻子免其
HVH_107_21_000083_000006	0儿探生折割人者凌远死财產付死者之家妻子同居家口雖不知情並流二千里安
HVH_107_21_000083_000007	置里畏知而不举者杖一百告者官給赏銀二十两其要子首告免流
HVH_107_21_000083_000008	造畜盛毒堪以发人及人人造畜者並财產八官妻子及同居家日雖不知情
HVH_107_21_000083_000009	並流二千里安置若里長知而不举谷一百告獲者赏銀二十両造若
HVH_107_21_000083_000010	魔魅符書呪詛歉以殺人者谷以謀殺論因而致死者各依謀殺法欲令人
HVH_107_21_000083_000011	苦疾者減二等徒二年知情買者世罰罪同至死減一等
HVH_107_21_000083_000012	0一諸色铺户人等化買霜石信審係知情故賣者仍照律共犯人同
HVH_107_21_000083_000013	罪外若不究明来还但贪利混賣致成人命者雖不知情亦将貨
HVH_107_21_000083_000014	人核八十
HVH_107_21_000083_000015	。几以毒藥毒鼠毒誤人命之案如置藥之处人听罕到或置放
HVH_107_21_000083_000016	喂食性畜废的不期殺人你耳目思慮所不及者依過失殺人
HVH_107_21_000083_000017	律收贖若在人常經過废所置放因而殺人者杖一百流三千里
HVH_107_21_000083_000018	仍追埋蒸
HVH_107_21_000083_000019	银十西
HVH_107_21_000084_000001	。凡阔欧殺人者不问手足他物金及並做监候故殺者朝若同謀共政人因
HVH_107_21_000084_000002	而致死者以致命傷重下手者监候原謀者杖一百流三千里
HVH_107_21_000084_000003	餘各杖
HVH_107_21_000084_000004	一百
HVH_107_21_000084_000005	。凡同謀共人犯除下手重傷扮被監外其共欧之人像執持刃項
HVH_107_21_000084_000006	函器亦有致命傷痕近边充軍
HVH_107_21_000084_000007	。凡審理命案一人獨欧一人死無命致命不致命皆抵償者兩人共欧致
HVH_107_21_000084_000008	死則以頂恐門太陽冗耳咽喉；胸膛两亂心次肚腹雨肾
HVH_107_21_000084_000009	腦後耳根脊背脊脊西脇腰眼并頂心之偏左偏右額顱额舟為致命
HVH_107_21_000084_000010	論抵几同伴共卧人若当辰未死而過後身死者当究明何傷致死
HVH_107_21_000084_000011	丝罪
HVH_107_21_000084_000012	以傷者
HVH_107_21_000084_000013	一文武官员鄉紳及一切土豪芳要無須棍徒除共謀故殺及誤殺過失
HVH_107_21_000084_000014	殺國队殺傷人者乃照律治罪外如有倚仗谷色芳力武卿曲或慈空赖
HVH_107_21_000084_000015	逞横行欺歷平民其人不敢與争旁人不敢動咀将人打至死者
HVH_107_21_000084_000016	。凡把死罪监候人配在监復行由致死人命者以立次
HVH_107_21_000084_000017	0一両家共改致死一命如服规屋欧花将欧死手之人一百流三千里如有服親屋欧死减
HVH_107_21_000084_000018	一成一百徒三年仍各追埋展二两给付风親收领
HVH_107_21_000084_000019	尼人闽欧誤其人之祖父母父母妻女子孩均依欧殺律治罪
HVH_107_21_000084_000020	0一嗣後共欧案仅原謀及助改傷重之人在监在途病故其下子應拷般人纪减
HVH_107_21_000085_000001	等流恭遇恩均准其一体减等
HVH_107_21_000085_000002	0比屏去人服用飲食之物而傷人者杖八十命致為疾者杖一百流三千里将犯财
HVH_107_21_000085_000003	座一半給付为疾之人养贱致死者较监候
HVH_107_21_000085_000004	死者量依傷
HVH_107_21_000085_000005	謀故殺人而誤殺旁人者以故殺論死者斬如知津河水泥而稱平浅乃
HVH_107_21_000085_000006	橋株渡般朽漏不堪度人而詐牢固誰命人過度以致陷溺死傷者共歲殺相
HVH_107_21_000085_000007	被设人者較发殺俞栈
HVH_107_21_000085_000008	如射碑拔柳碎尾不期面
HVH_107_21_000085_000009	各减闽欧傷罪依律收
HVH_107_21_000085_000010	财給付其被殺傷之家
HVH_107_21_000085_000011	个日
HVH_107_21_000085_000012	0比捕從賊與賊格而誤殺無千之人者仍照過失殺人律於犯人各下追銀十兩
HVH_107_21_000085_000013	四岁二分给付死者之家
HVH_107_21_000085_000014	。凡要妾因罵夫之祖父母父母而夫不告官擒殺之者杖百祖父母父母親告
HVH_107_21_000085_000015	韩無之失恶其要妄往欧死乃借父母来
HVH_107_21_000085_000016	还明祖父母或弼其子從而附會遇此等事最其详慎
HVH_107_21_000085_000017	若夫改罵妻妾因而尽者勿
HVH_107_21_000085_000018	論九妄無罪被欧致折傷以上者雖有自尽跡仍校其夫八十
HVH_107_21_000085_000019	。几祖父母父母故殺子孫反家長故殺家婢圈颜人物者枝七十徒一年半若子孫
HVH_107_21_000085_000020	将己祖父母父母奴婢雇工将家长身图颊人者校一百徒三年若家長将已死
HVH_107_21_000085_000021	卑幼及他身屁圖頰人杖八十其告官者隨所告择重並以告干人律又坐
HVH_107_21_000085_000022	'
HVH_107_21_000086_000001	罪若因圖赖而取财物者訴赃唯窃盗論故殺要及子孫妊豫共子孫之婦
HVH_107_21_000086_000002	圖颊人者無論圖頼係几人及尊卑親屋俱近边充軍
HVH_107_21_000086_000003	。凡兄及伯叔謀奪族人財產故殺弟姪圖赖致被之家復欧故發尊長醜成重
HVH_107_21_000086_000004	案者除罪應死悉照本例定处其罪應者即照兄及伯叔因事争奪弟疑
HVH_107_21_000086_000005	财產故行殺害例被监候至被訴之家則產或無人承管不得
HVH_107_21_000086_000006	赫朔永堂
HVH_107_21_000086_000007	以争奪之後
HVH_107_21_000086_000008	。凡無故向城市及有人居土宅合放碑射箭拔擲磚石者雖不傷人早傷人減
HVH_107_21_000086_000009	人命
HVH_107_21_000086_000010	九傷人一并因而致死者杖一百流三千里若傷親屋各應重罪而犯時不知者
HVH_107_21_000086_000011	依凡人論
HVH_107_21_000086_000012	干五
HVH_107_21_000086_000013	0凡無故於街市否馳驟車馬因而傷人者減改國改傷人一致死校一百流三千里若於
HVH_107_21_000086_000014	鄉村顺野地反驰骤因面傷改枝一百並追埋十若公急西驰殺傷
HVH_107_21_000086_000015	者以遇失諭依律收赠給付其家
HVH_107_21_000086_000016	凡庸医為人用钱刺誤不如本方因而致死者命别医辨卧藥解道如無故害
HVH_107_21_000086_000017	之情者以過失諭收不許行医若有病先经他医断以不治自被别医誤治致死
HVH_107_21_000086_000018	依律
HVH_107_21_000086_000019	形跡確整雖禁行医不治其罪
HVH_107_21_000086_000020	享
HVH_107_21_000086_000021	。九打捕户深山曠野猛獸往来去穿作玩穿及安窝弓不立望半雖未傷
HVH_107_21_000086_000022	人亦答以致傷人者减欧傷二八十国而致死杖一百徒三年
HVH_107_21_000086_000023	追微埋墓十面
HVH_107_21_000086_000024	给死者之家、
HVH_107_21_000087_000001	。因事如户婚田土钱债之感逼人殺自礼者容犯人有
HVH_107_21_000087_000002	使人非因公粉而威逼平民致死者司罪進埋十
HVH_107_21_000087_000003	可畏之威
HVH_107_21_000087_000004	両
HVH_107_21_000087_000005	给付花
HVH_107_21_000087_000006	者之家
HVH_107_21_000087_000007	林一百流消若官公
HVH_107_21_000087_000008	若卑勿因事逼
HVH_107_21_000087_000009	迫期親尊長致死者监候大功以下遮减一
HVH_107_21_000087_000010	逼大功死者杖一百徒三年小
HVH_107_21_000087_000011	功杖一百流三千里總麻杖九
HVH_107_21_000087_000012	千徒二
HVH_107_21_000087_000013	又威逼死人故加
HVH_107_21_000087_000014	。几感逼之情千態了必其人之威芳果可畏逼迫果不堪有难認难受無
HVH_107_21_000087_000015	可奈之情因而自尽得合此律
HVH_107_21_000087_000016	。因疆奸将本婦
HVH_107_21_000087_000017	之婦
HVH_107_21_000087_000018	被劈
HVH_107_21_000087_000019	立辰殺死者斬立央疆未遂将本婦欧傷越日後
HVH_107_21_000087_000020	因本傷身死者照因奸逼致死律监候着彊奸人要妾其夫典親属父母
HVH_107_21_000087_000021	聞聲赴救奸夫逞拒捕立時殺死者亦斬候至如疆奸已行成其夫與父
HVH_107_21_000087_000022	母親属及本婦差念自尽者俱被监候
HVH_107_21_000087_000023	一疆奸反从絕麻以上親之妻共妻前夫之女同母異父婦妹未成本婦差念自尽
HVH_107_21_000087_000024	者拦候其彊奸已成本婦羞念自尽斬五
HVH_107_21_000087_000025	。凡因事用彊改打成逼致死者果有致命傷重及未成残疾为者雖有死自尽
HVH_107_21_000087_000026	依律追给埋垫銀十杖一百徒三年
HVH_107_21_000087_000027	者發
HVH_107_21_000088_000001	0凡奉差员抗持勘合火牌照数支取而該地方官不能佐辨因而自尽者勿
HVH_107_21_000088_000002	奉差员從额处需索逼死本官客是杖一百徒三年若有受期寔
HVH_107_21_000088_000003	法論
HVH_107_21_000088_000004	依枉
HVH_107_21_000088_000005	一豪强凶恶之徒恃财倚因事威逼挑制窘辱命开民冤苦無伸
HVH_107_21_000088_000006	情急自尽致死一家三命以上者将监候致二命者如前项情節
HVH_107_21_000088_000007	仍分别
HVH_107_21_000088_000008	找軍
HVH_107_21_000088_000009	。几子孩不老致祖父母父母自尽之案如審有觸忤干犯情即以致忿激鞋
HVH_107_21_000088_000010	生者即拷斬决其本無觸肝但其行為迎犯教令以致抱念輕生自尽者
HVH_107_21_000088_000011	监候要妄於祖母父母有犯罪同
HVH_107_21_000088_000012	流三千里差有制服各分本罪重於流者仍照本律從重科断
HVH_107_21_000088_000013	比和好之案奸婦因奸情败露羞愧自尽者好婦杖一百徒三年
HVH_107_21_000088_000014	一婦女今媳賣好不從而欧迫致媳情急而自尽者遠候若奸抑媳
HVH_107_21_000088_000015	致媳情总自尽者发边遠
HVH_107_21_000088_000016	。儿祖父母父母及夫与家长為人所殺而子孫妻妻奴碑雇工人私和者杖一百徒
HVH_107_21_000088_000017	年期親尊長被殺而卑幼私和八十徒二年大功以下迎减一等其卑幼被
HVH_107_21_000088_000018	尊长私和者各减卑匆若妻妾子孩及子孫之婦奴婢雇天被而祖
HVH_107_21_000088_000019	母父母夫家長私和者八十受财者計赃准窃盗論追入官常人私和人
HVH_107_21_000089_000001	命者為他人謀校六十受财准枉法論几私和公事罪止五十
HVH_107_21_000089_000002	。几私和同伴人欲行謀害他人不即阻当救護及被害之後不首告者一百
HVH_107_21_000089_000003	闽欧上
HVH_107_21_000089_000004	。无阔欧以手足政人不成傷者二十成傷及以他物改人不成傷者当三十他物政人成傷
HVH_107_21_000089_000005	者当所毁傷皮膚青赤而腔者為傷非手足者其飲所挽皆為他物即辰兵不
HVH_107_21_000089_000006	亦是寸以上答五十若欧人血從耳目中出及损吐血者杖八
HVH_107_21_000089_000007	以機物污人頭面者罪亦如之折人一及手足一指取人一目毁人耳目鼻者
HVH_107_21_000089_000008	欧上
HVH_107_21_000089_000009	被人骨及用傷火铜铁斗傷人煮一百以灌八人口鼻者罪亦如之折二
HVH_107_21_000089_000010	+
HVH_107_21_000089_000011	二指以上及者杖六十徒一年折人取人兩目墮人股及刃傷人者八十
HVH_107_21_000089_000012	二年折跌人肢体及赔人一目者杖一百徒三年赔人西目折人两肢以上及因首患令
HVH_107_21_000089_000013	至属疾樊人舌及毁敗陰陽
HVH_107_21_000089_000014	生育
HVH_107_21_000089_000015	敛不能
HVH_107_21_000089_000016	者並杖一百流三千里仍将犯人财産一
HVH_107_21_000089_000017	半断付為疾之人養同謀共改傷人者谷以手下傷重者爲重罪謀
HVH_107_21_000089_000018	無欧而傷控、
HVH_107_21_000089_000019	或不曾手下或
HVH_107_21_000089_000020	咸重傷者一善若因傷互相傷人者各其傷之輕重論罪後下
HVH_107_21_000089_000021	手理重者减二等致死及欧兄婦叔伯不减
HVH_107_21_000089_000022	0一改傷奸盗罪人致為疾者照分定拔母庸付財產賤
HVH_107_21_000089_000023	。儿保辜者或手足各明白互限
HVH_107_21_000089_000024	保衰也先卧傷之怪重
HVH_107_21_000089_000025	责合犯人医治事限皆须因原政服官司文案明白别因
HVH_107_21_000090_000001	若傷以止辜医治平服者各减二等幸改雖平服
HVH_107_21_000090_000002	而成残疾及辜限消日不平服而死者各依律全科雖亦同傷律手足及以他物傷人
HVH_107_21_000090_000003	者其傷怪限二十日以刃及湯火傷者限三十日折铁股体又破骨随胎者無論手足他物
HVH_107_21_000090_000004	首限五十日、
HVH_107_21_000090_000005	一凡之案除原改並非致命之入非極重之傷越效日後周身致死者將改打之人
HVH_107_21_000090_000006	免其償一百流三千里如当致命之废而傷輕或傷重而非致命之因风身死者必
HVH_107_21_000090_000007	依律以较抵若已愈破骨傷保辜五十日正限尚在除限二十日之因风身者
HVH_107_21_000090_000008	一百徒三年至正限後餘限外因風身死者止科傷罪其因患他病身死共本
HVH_107_21_000090_000009	傷無淡者雖在幸限內仍從傷法
HVH_107_21_000090_000010	。几同尊之親而之者六十徒一年傷者校八十徒二年前傷以上重者重徒二年
HVH_107_21_000090_000011	加阀犯二徒三年總麻以上各迎减一流三十里疾者较候死者监候
HVH_107_21_000090_000012	0凡朝奉命出便而官吏改之及部民本屋知府知知軍士政本管官與
HVH_107_21_000090_000013	等
HVH_107_21_000090_000014	。凡本衙门首領官及以流屋官政傷長官者各减吏卒傷長官二
HVH_107_21_000090_000015	如长五品以
HVH_107_21_000090_000016	上欧者核八
HVH_107_21_000090_000017	十统二年傷者九十徒三年六品以
HVH_107_21_000090_000018	下改者杖一百傷者杖六十徒一年
HVH_107_21_000090_000019	佐二官政長官者又各减二学死者統监候
HVH_107_21_000091_000001	。儿欧受業師者加几人等死者所
HVH_107_21_000091_000002	0一凡謀故殺政殺及傷受業師者業儒弟子照謀故政殺及政期親尊長律
HVH_107_21_000091_000003	諸工藝人等照謀故改殺改傷大功尊長律如因弟子犯教令以理責
HVH_107_21_000091_000004	致有殺傷者儒師照尊長殺傷律諸工照尊長殺傷大功卑勿律問
HVH_107_21_000091_000005	若因奸盗别情謀殺弟子者無論已傷未傷已殺未殺悉照几人分别定
HVH_107_21_000091_000006	0几争論事理咱經官陳告若以成力制人及家私拷打监禁並枝八十傷重至损吐
HVH_107_21_000091_000007	血以上各加傷二苛因而致死者候若以威力主使人打而致死傷者並以
HVH_107_21_000091_000008	欧
HVH_107_21_000091_000009	主使之人爲首下手之人為從論减一苛
HVH_107_21_000091_000010	九千
HVH_107_21_000091_000011	一在京在無着之徒技托要為心腹引生事娜平民在於私家拷打骗财
HVH_107_21_000091_000012	物者枷号一个月簇送边芳要知情盖坐
HVH_107_21_000091_000013	0一几地方鄉私置板责细户者照迎律将如将细户婦女强行奸為侯
HVH_107_21_000091_000014	婵妾者
HVH_107_21_000091_000015	凡奴婢改良人者加人至属疾者候死者朝其良人欧他人奴婢者或
HVH_107_21_000091_000016	几人一等至死及故殺者被监侯若奴婢自将改者谷依几阔傷殺法
HVH_107_21_000091_000017	闽政下
HVH_107_21_000091_000018	。凡奴婢改家長者当朝殺者皆凌迟過失殺者被盈候傷者杖百流三千里
HVH_107_21_000091_000019	若奴婢改家長之親及外祖父母母者监侯傷者朝监候過失殺減改罪
HVH_107_21_000092_000001	二傷者又减一等故殺者皆凌迟死家長之麻親杖六十徒一年小功杖
HVH_107_21_000092_000002	七十徒一年半大功杖八十徒二年死者皆監候奴婢有罪奸盗其家長及
HVH_107_21_000092_000003	家長之期親舆外祖父母不告官司而发者六十徒一年若迪犯教令而依法
HVH_107_21_000092_000004	腿决罰致死及遇失者各勿
HVH_107_21_000092_000005	。一契買碑女伊母兄弟私自别者照和誘知情遣创减一守一百徒三年其女給
HVH_107_21_000092_000006	主领回若契買家及户下陳人将女私聘人未成婚者给回本生已成婚者追身償
HVH_107_21_000092_000007	銀無力者量追一半給主其嫁女之人一百徒三年
HVH_107_21_000092_000008	下
HVH_107_21_000092_000009	一家主将息已久奴仆之妻妄行占奪或圖奸不遂因将奴仆欧死或将其
HVH_107_21_000092_000010	妻欧死審得明確有定及本主自認不諱者即将但主不分官員平人流如伊
HVH_107_21_000092_000011	主並無占情聲而奴小其主者仍照千各犯義律治罪
HVH_107_21_000092_000012	0儿妻政夫者杖一百夫顾離者咱
HVH_107_21_000092_000013	须夫白告乃型益夫要麦同圈房
HVH_107_21_000092_000014	情可掩法思可抢美或念恩不廢亦咱
HVH_107_21_000092_000015	至折傷以止各加
HVH_107_21_000092_000016	凡國傷三等至笃疾者死者朝故者若妾改夫及正妻者父各加妻欧夫罪
HVH_107_21_000092_000017	一其夫欧妻非傷勿論若欧要之母者杖六十徒一年死者斬监候敬殺者
HVH_107_21_000092_000018	0一凡妻欧本夫如本夫親告又復願離思美已按样的决不得勒追本夫銀雨收贖
HVH_107_21_000092_000019	如本夫不愿離異及正妻欧妾仍依律科断聚准主如本夫及正妻依律分
HVH_107_21_000092_000020	别定找杖罪的决除罪收贖
HVH_107_21_000093_000001	0凡同姓親屋相改雖五服已尽而尊卑各分猶存者尊長卑减故二年
HVH_107_21_000093_000002	犯尊長加芳
HVH_107_21_000093_000003	不加至死加几玖
HVH_107_21_000093_000004	豪族誼也
HVH_107_21_000093_000005	至死者並以九人倫
HVH_107_21_000093_000006	。几卑幼欧本尊又外姻麻兄婉杖一百小功兄弟娣徒一年半尊屋又各加一等折傷
HVH_107_21_000093_000007	以上谷通减加九傷一苛罪止一百流三里疾者死者斬若尊長改卑
HVH_107_21_000093_000008	折傷勿論至折傷以上總麻卑幼减九人一小車幼减二大功卑幼减三至
HVH_107_21_000093_000009	死者较监候、
HVH_107_21_000093_000010	。九弟妹政兄婦者九十徒二年半傷杖一百徒三年傷者杖一百流三千里
HVH_107_21_000093_000011	琴下
HVH_107_21_000093_000012	习傷及折肢膳目者死者皆若改伯叔父母姑及处孫政外相母各加
HVH_107_21_000093_000013	其过失殺傷者各减本殺傷罪二等故殺者皆起處化不分有從其見改
HVH_107_21_000093_000014	弟妹及伯叔姑政殺并孫外祖父殺外孫考一百徒三年故殺一百流
HVH_107_21_000093_000015	三千里过失殺者各勿論
HVH_107_21_000093_000016	儿子豫改祖父母父母及要妾之欧夫祖父母者皆朝毅者皆凌迟过失者校
HVH_107_21_000093_000017	石流三千里傷者扶一百徒三年俱不在收之例其子孫迎犯教令而祖父母父
HVH_107_21_000093_000018	母不依法决罪横加改殺者杖一百故殺者杖六十徒一年嫡继慈母殺子孩者
HVH_107_21_000093_000019	生母有間各加一致今嗣者候
HVH_107_21_000093_000020	服制雖同
HVH_107_21_000093_000021	非其所生则思
HVH_107_21_000093_000022	絕人之嗣则美为重
HVH_107_21_000093_000023	若非理欧子孙之婦友
HVH_107_21_000093_000024	乞異姓子豫致令疾者赦八十馬疾加一並令帰宗子孫之婦疾者追
HVH_107_21_000094_000001	回初婦嫁仍給養贈銀十用乞子孫疾者村谷得所分財產養至
HVH_107_21_000094_000002	死者各杖一百徒三年故殺者杖一百流三千里妾各臧二其子孫欧祖父母母及
HVH_107_21_000094_000003	委妾罵夫祖父母母因而有罪改殺之着迎犯教令依夫罰致死及过失者
HVH_107_21_000094_000004	0一母告子孙不孝及伯叔父母兄娣伯叔祖父母同堂伯叔父母兄娣者弟
HVH_107_21_000094_000005	。一九嫡母故殺庶生之子母故殺前妻之子審平日撫如己出而其子不孝經宫
HVH_107_21_000094_000006	訊有援即父母改故殺子孫律分别以徒如伊子本無犯而嫡母母非理
HVH_107_21_000094_000007	改下
HVH_107_21_000094_000008	母八于情寔
HVH_107_21_000094_000009	手级央锅
HVH_107_21_000094_000010	伊夫别行婿
HVH_107_21_000094_000011	。九委夫之期親以下麻以上尊長夫同罪至者各若妻傷单屋
HVH_107_21_000094_000012	政同至礼者般监候着欧夫之兄弟子杖一百流三千里故殺者候妾犯者各從
HVH_107_21_000094_000013	改妻之九人論若要之子改父妾加九人一
HVH_107_21_000094_000014	听以尊
HVH_107_21_000094_000015	。九欧妻前夫之子
HVH_107_21_000094_000016	今不同君也
HVH_107_21_000094_000017	謂先曾同居
HVH_107_21_000094_000018	减九人一同居者又减一至死者坚候若欧
HVH_107_21_000094_000019	者
HVH_107_21_000094_000020	謂先曾同居而母後父出雖
HVH_107_21_000094_000021	先曾同居亦不得為父應同九論
HVH_107_21_000094_000022	校一百徒一年傷上加九闽傷同居者又加
HVH_107_21_000094_000023	至死者斬候其故殺及自来不曾同若者不問父子子各以人論
HVH_107_21_000095_000001	。九妾夫亡改嫁故夫之祖父母母者並改舅姑同罪其舅姑改已故子孫改嫁妻
HVH_107_21_000095_000002	。孔祖父母父母為所改子孫即時救而反改行由之人非折傷勿論至折傷以上藏
HVH_107_21_000095_000003	三苛雖罵疾亦减爲徒一年至死者依等律若祖父母父母為人所殺而子孫殺行
HVH_107_21_000095_000004	远即以
HVH_107_21_000095_000005	罵詈
HVH_107_21_000095_000006	几罵人者笞四十互相罵者各一十
HVH_107_21_000095_000007	2+
HVH_107_21_000095_000008	六品以下長官减三等佐二官首领官各迎减一並親聞乃坐
HVH_107_21_000095_000009	8一九毁公侯馬伯及京師文武三品以上武联三品以上官校一百加号一月
HVH_107_21_000095_000010	联落、
HVH_107_21_000095_000011	一九在長安外妄斗在辱罵原問官者杖一有号一月發落
HVH_107_21_000095_000012	二九首领官及统属官罵長官五品上者杖八六品以下者減二
HVH_107_21_000095_000013	親聞乃华
HVH_107_21_000095_000014	管五十益
HVH_107_21_000095_000015	一九奴婢罵家長候罵家長之期親及外祖父母杖八十徒二年大功小
HVH_107_21_000095_000016	功林七十總麻杖六十並親告乃坐
HVH_107_21_000095_000017	一九汉外總麻兄娣管五十小功兄婦六十大功兄娣杖七十尊属各加
HVH_107_21_000096_000001	.4
HVH_107_21_000096_000002	一若罵同期親兄娣者杖一石伯叔父母姑外祖父母谷加一等並親告
HVH_107_21_000096_000003	乃坐妻妾馬典同、
HVH_107_21_000096_000004	九属祖父母父母及妻妻夫之祖父母父母者並须親告乃
HVH_107_21_000096_000005	盖属無证报
HVH_107_21_000096_000006	母父母偏信後妻爱子典奪财産等项理告打黑方究明白辨理
HVH_107_21_000096_000007	訴訟
HVH_107_21_000096_000008	。九軍民詞皆須自下而上陳告若越本司赴上司稱新者五十若迎車駕及
HVH_107_21_000096_000009	訴訟
HVH_107_21_000096_000010	闻鼓甲論而不定杖一石事重者從告重論得定者免罪
HVH_107_21_000096_000011	投
HVH_107_21_000096_000012	新
HVH_107_21_000096_000013	繩織人之阴私過依為文書不樹陳告而隱
HVH_107_21_000096_000014	自指
HVH_107_21_000096_000015	考就既尚于罪中又数脱身于事处
HVH_107_21_000096_000016	其心陰恶可故重其也
HVH_107_21_000096_000017	九告謀反叛道官司不即受理掩辅者杖一百徒三年以致聚象作乱或攻陷城池
HVH_107_21_000096_000018	及韧掠人民者韩监候若告恶逆
HVH_107_21_000096_000019	毅母不受理者杖一百告殺人及强益不受理者
HVH_107_21_000096_000020	子豫
HVH_107_21_000096_000021	各減人罪二等並罪止校八受被告之财者計財以枉法從重論若詞訟原告
HVH_107_21_000096_000022	被告在家者咱原告就被告官司告理為結摧故不受理者杖八十
HVH_107_21_000096_000023	地方官自理詞訟又任意施延使民朝久咱候以致廢辰失上司即行题參者
HVH_107_21_000096_000024	肯納乘不参或被人首告鼓管上司交部處、
HVH_107_21_000096_000025	。凡官吏於所人內有服親及婚姻之或受業師或有誉陳之人並咱移文迴避
HVH_107_21_000097_000001	也者答若罪有增以故出入人論故而减
HVH_107_21_000097_000002	因誉隙面增、
HVH_107_21_000097_000003	一几經告人罪者加所罪二等流徒罪加所罪三等各罪百流十里所罪人
HVH_107_21_000097_000004	已投流罪人已配追微用過路費给過被之人里罪被之人已者反坐以死未次者
HVH_107_21_000097_000005	有流三十里就配所加徒役三年若狱因已服罪本無完在而之親属妄者
HVH_107_21_000097_000006	减因罪二等罪止杖百若已快配而自妄枉撫拾原問官吏過失而告之者
HVH_107_21_000097_000007	所罪三等罪止杖一百流三千里
HVH_107_21_000097_000008	8一詞訟拔止許一告一訴犯不許汲及無辜及陵續技詞牽連原狀無若
HVH_107_21_000097_000009	之人如有牵連婦女到具我詞及無辜者一緊不准仍從重論治罪承審官於咱
HVH_107_21_000097_000010	辰如供已確縱有三人不到非像紧要犯即现人纪成报不得藉端远也者設
HVH_107_21_000097_000011	一九像切包之事方許陳告若將克面務须官营隊頭目平顾兵丁公
HVH_107_21_000097_000012	同陳告州縣徵派務须里長平领民公同陳告方准受理如边票将非係陈告
HVH_107_21_000097_000013	之事依扶私改控各砌疑单牵連織希圖准行安控者除所不准
HVH_107_21_000097_000014	照律治以誣告之罪
HVH_107_21_000097_000015	一控告人命如有告情弊即照告人死罪未失律治罪不得咱其自行欄息其問有
HVH_107_21_000097_000016	誤自人言情患告於未經之先尽吐情自願認罪遍詞求息者許明犯果
HVH_107_21_000097_000017	有則貨善情照不應重律治罪如有教情弊将教唆之人仍照律治該地
HVH_107_21_000098_000001	.4
HVH_107_21_000098_000002	一告叛被之人已決者告之人決未失者斬候俱不及子家坐
HVH_107_21_000098_000003	。子豫告祖父母母妻妾告夫及夫之祖父母父母者雖言寔亦百徒三年告者
HVH_107_21_000098_000004	般若告期親尊長外祖母及妄告妻者雖实亦杖一百大功九十小功校干總麻七
HVH_107_21_000098_000005	十其告期親尊長大功及外祖父母若要之母及夫之正室並同自首免罪小功尊
HVH_107_21_000098_000006	長得减本罪二姜其告謀反大逆謀叛畜藏奸細及嫡母綱母慈母所生母其
HVH_107_21_000098_000007	父母殺其所生母及被期親下尊侵奪财改傷其親應自理者咱陳
HVH_107_21_000098_000008	新绘
HVH_107_21_000098_000009	告不在干名犯美之限
HVH_107_21_000098_000010	0于孫边纪祖父母父母教令及奉養有铁者杖百
HVH_107_21_000098_000011	0几被囚禁不得告他人之事其为獄官獄卒非理浸迟咱告若應囚禁被問更首之
HVH_107_21_000098_000012	别事有干連之人亦准者依法問科
HVH_107_21_000098_000013	。几年老反疾之人除告反：叛逆及子豫不孝明自赴官陳告外其餘公事同居
HVH_107_21_000098_000014	属通知告事理的是之人伐告告者罪坐代告之人教詞訟及為作詞增感情
HVH_107_21_000098_000015	罪告人者與犯人同罪至死者成一等若受雇告人者與自告同至死不減善受財者
HVH_107_21_000098_000016	計財枉法從重論其見人愚而不能伸完教令得及為人書寫詞狀而無增减勿論
HVH_107_21_000098_000017	①儿軍民有犯人命管軍衙門約令有司檢視為間若奸故偽里改民相千事
HVH_107_21_000099_000001	"
HVH_107_21_000099_000002	五十若官軍官越分輒受民訟者罪亦如之
HVH_107_21_000099_000003	受财
HVH_107_21_000099_000004	官吏受财計赃料無旅各残官追除名克罪不叙用說事遇錢者自祿人减受
HVH_107_21_000099_000005	錢人一共無禄人减二罪止杖一百徙三年有者遇錢而有受钱計從重論
HVH_107_21_000099_000006	若题從
HVH_107_21_000099_000007	本律
HVH_107_21_000099_000008	。凡各衙門書更加舞久依者知法犯法應照平人加善治罪
HVH_107_21_000099_000009	0一官员婪像枉法人已者雖限令備不准减等其不枉法赃及准在法論並坐致项
HVH_107_21_000099_000010	受题
HVH_107_21_000099_000011	仍照定创辨理
HVH_107_21_000099_000012	。尼官吏有永行事先不許财事遇之後而受财事若枉法者准枉法論
HVH_107_21_000099_000013	事不枉法准不枉法論
HVH_107_21_000099_000014	0几官吏咱許財物而受按受事若枉者准枉法論事不枉者谁不枉法論各减要所枉重
HVH_107_21_000099_000015	咱許財物若始口許無確不得行護追如所許財物封他震或是立護单文
HVH_107_21_000099_000016	或交每說事之人應問許財之人進取入官若本犯有許應得之罪仍照律加所犯本
HVH_107_21_000099_000017	或本無罪俱許財營求者問不應重律已交之在受則人下著追未交之
HVH_107_21_000099_000018	各不考问
HVH_107_21_000099_000019	仍間許財人
HVH_107_21_000099_000020	。諸人有事以財行求官吏雖枉法許與财坐赃論后有避難就易所枉之罪重者從重論
HVH_107_21_000099_000021	其财八官其官吏刃繼用强生事逼抑取受者出钱人不坐
HVH_107_21_000100_000001	。监臨官校及豪强之人求索借货的部反財物並計准不枉法諭財物給
HVH_107_21_000100_000002	将自己物貨散興部民及低價多取償科者並計利准不枉法論物貨價线並
HVH_107_21_000100_000003	入給主若部買物不即支價及借衣服器玩之属谷經月不否回並坐財論
HVH_107_21_000100_000004	若私借用馬牛車船否合之類谷日計雇貨钱亦坐論追线給主者接受所部
HVH_107_21_000100_000005	愧送土宜礼物受者皆四其者减一者用事而受财者計以枉法論其經
HVH_107_21_000100_000006	供魂饮食及规故魂送者不在此限
HVH_107_21_000100_000007	一長随求索得財舞弊者照役治罪並照窃盗例初犯以財犯二字刺
HVH_107_21_000100_000008	卖
HVH_107_21_000100_000009	臂再犯刻面其有索貪托故先期预道及本受放参後風聞遠陽者
HVH_107_21_000100_000010	拿之日照到晚例各加二治罪仍追原其各衙門現任大小買加有收用
HVH_107_21_000100_000011	犯案刺字長随者交部護
HVH_107_21_000100_000012	盈临吏家人於所部取受求索借货财物及役使部民買賣多取便利之答
HVH_107_21_000100_000013	减本官罪二苛若本吏知情興同罪不知者不坐
HVH_107_21_000100_000014	一事大臣不行的束家人致会和問所營人共來交結借貨者一覺將伊治罪
HVH_107_21_000100_000015	饼
HVH_107_21_000100_000016	有司家吏人非本上司明文因公自科飲所屋财物及受軍仅速敏軍人財粮
HVH_107_21_000100_000017	賞賜者重者坐賦論八已者計疑以法論其非因公務科人財物已
HVH_107_21_000100_000018	者計财枉法論
HVH_107_21_000101_000001	迎捕已盗賊赃物不解者早入已者計不法論仍其
HVH_107_21_000101_000002	併論盗罪若軍人有犯者計雖多罪止八十仍併賊論盗罪
HVH_107_21_000101_000003	許偽
HVH_107_21_000101_000004	九詔音者為首斬為從消流若許傳一二品衙門言語於各屋衙門分付
HVH_107_21_000101_000005	公更有所知知避者為首者杖一百徒三年二品四品衙門言語者秘百
HVH_107_21_000101_000006	五品以下衙门言語者杖八十為從者各减一等若得則計不社法論因
HVH_107_21_000101_000007	而或事曲法以枉法論
HVH_107_21_000101_000008	偽造諸衙印信及時憲書符卧税科引者為首监候為流
HVH_107_21_000101_000009	几铸铜线者监候匠人罪同為從及知情買使者各减一开若偽造金銀杖
HVH_107_21_000101_000010	一百徒三年
HVH_107_21_000101_000011	偽造憑別訴偽假共人官者統候其知情受雇假官者消流若無而有
HVH_107_21_000101_000012	有所來為或該見任官司遣而補人或胃見任員姓各者杖一百徒
HVH_107_21_000101_000013	三年若詐稱見任子豫弟家人於接部有所求者杖一百為従者
HVH_107_21_000101_000014	各减一若得财者並計准窃盗論免刺其当該官司知而咱行同罪
HVH_107_21_000101_000015	九詐稱使等官在外體察事務欺訴官府煽惑人民者斬监候知情随
HVH_107_21_000101_000016	行减一寻若近侍之人在私行體察事務煽惑人民者斬监候
HVH_107_21_000102_000001	一九爲瑞應之事以欺罔朝者树六十徒一年若有灾祥之而欽天不以
HVH_107_21_000102_000002	定對者加苛
HVH_107_21_000102_000003	九官吏人寺柄疾疲臨時避難者事重杖
HVH_107_21_000102_000004	九為人設計用言教誇人犯法及和同牧共事故誘令犯法却自行捕告或令人
HVH_107_21_000102_000005	捕告教求赏給或欲害人得罪者皆與犯法之人同罪被其教誘之人雖是
HVH_107_21_000102_000006	隍其術中却是已身犯法不能免罪
HVH_107_21_000102_000007	犯奸
HVH_107_21_000102_000008	纪好
HVH_107_21_000102_000009	謂男女情願
HVH_107_21_000102_000010	言語無夫者
HVH_107_21_000102_000011	有夫者核九十刁奸者
HVH_107_21_000102_000012	帰引致副的通
HVH_107_21_000102_000013	謂奸夫刁誘奸
HVH_107_21_000102_000014	無夫
HVH_107_21_000102_000015	有夫並杖一百强好者絞候未成者流三千里
HVH_107_21_000102_000016	级裂衣服之屋着以强合
HVH_107_21_000102_000017	争脱之情亦须有人知聞及捐傷膚体
HVH_107_21_000102_000018	問強奸須有强暴之收婦人不能
HVH_107_21_000102_000019	以和成猶非强者
HVH_107_21_000102_000020	奸幼女十二歲以下雖和同强論其和奸和刁奸者男女同罪奸
HVH_107_21_000102_000021	生男女責夫收好婦從夫嫁賣其夫願留者喻若嫁賣共奸夫者奸夫本
HVH_107_21_000102_000022	夫各杖千婦人離異歸宗财物八官强奸者婦女不坐若謀合客止人在家通奸者
HVH_107_21_000102_000023	各成和习人罪一其非好所捕狭及捐奸者而論若奸婦有孕
HVH_107_21_000102_000024	好婦雖有援而
HVH_107_21_000102_000025	坐本婦
HVH_107_21_000102_000026	九我官及軍民奸戰官妻者奸夫奸婦並般侯若取官奸軍民要章取
HVH_107_21_000102_000027	百的决奸婦加号一月杖一百其軍民相者奸夫奸婦各枷号一月杖百
HVH_107_21_000103_000001	.0
HVH_107_21_000103_000002	其奴婢相奸不分一主各主及軍人共官员軍民之妾婢者各树一百
HVH_107_21_000103_000003	一輪奸良人婦女之案審是照棍先例為首斬失為從同奸级盟候若輪
HVH_107_21_000103_000004	奸已經犯奸婦女者爲首也達為從同好者發近边
HVH_107_21_000103_000005	一強好殺死婦女按例問斬央其有先經和奸後因别故拒絕致被奸之人
HVH_107_21_000103_000006	殺死者俱仍照謀故闽政本律定校
HVH_107_21_000103_000007	九容縱要妾典人通奸本奸夫各杖九十抑勒要妾及乞女真人通奸者本
HVH_107_21_000103_000008	夫義父各杖一百奸夫奸婦不坐並離異歸宗若容縱邦勒親女子孫
HVH_107_21_000103_000009	犯好
HVH_107_21_000103_000010	之婦妄與人通奸者罪亦如之若用财買休買休因而和同娶人要者本夫本婦及
HVH_107_21_000103_000011	買休人及杖一百婦人離異歸宗财礼入官若買：休人興婦人用計通執本
HVH_107_21_000103_000012	夫休棄其夫别無賣休之情者不坐買休人及本婦各杖六十徒一年婦人收贖給
HVH_107_21_000103_000013	付夫從其嫁賣妾减一等媒合人各病一开
HVH_107_21_000103_000014	九奸同宗無服之親及無服親之妻谷百奸外麻上親父總麻上親之要其
HVH_107_21_000103_000015	妻前夫之女同母異父姉妹者各杖一百徒三年强者奸夫斬监候后奸從祖母姑
HVH_107_21_000103_000016	從祖伯叔母妓從父婦妹者母之婦妹及兄弟妻兄弟子妻者奸夫好婦各決强
HVH_107_21_000103_000017	者奸夫決之親生母總論之太合此母之婦妹諭
HVH_107_21_000103_000018	叔母姑妹子孩之婦兄弟之女者奸婦奸夫各斬强者奸夫朝
HVH_107_21_000104_000001	九奸前项规属妄各减要一等强奸者
HVH_107_21_000104_000002	男婦托親貧義子義父徒
HVH_107_21_000104_000003	雇工家長
HVH_107_21_000104_000004	弟婦誣托夫兄夫弟
HVH_107_21_000104_000005	嫂認
HVH_107_21_000104_000006	欺奸者新然须告之补官奋
HVH_107_21_000104_000007	誣者乃坐
HVH_107_21_000104_000008	九奴及雇工人奸家長要女者各斬若好家長之期親及期之要者敬喉婦人减一
HVH_107_21_000104_000009	芳若奸家長總磨親之要者各杖一百流三千里强者斬
HVH_107_21_000104_000010	奴及雇工人強奸家長之母妻女審有損傷膚體毁裂衣服及憐見聞
HVH_107_21_000104_000011	確據者無論已未成將奴雇二人斬決
HVH_107_21_000104_000012	囚
HVH_107_21_000104_000013	把好
HVH_107_21_000104_000014	九軍民官吏奸部妻女者加臧几奸罪二各取不叙婦女以几奸論若奸
HVH_107_21_000104_000015	女者杖一百徒三年婦囚止坐原犯罪各不問奸罪
HVH_107_21_000104_000016	者此指犯奸罪在囚之婦女言也
HVH_107_21_000104_000017	者奸保官在外仍奸阶部坐之强
HVH_107_21_000104_000018	九居母及夫表典僧尼道士犯奸各加几奸罪二苛相奸之人儿奸
HVH_107_21_000104_000019	和习有夫無夫
HVH_107_21_000104_000020	良人奸他人婢者好贱各减九奸一
HVH_107_21_000104_000021	良
HVH_107_21_000104_000022	如强奸者指韩温候
HVH_107_21_000104_000023	强未成者消流、
HVH_107_21_000104_000024	奴婢相奸煮儿奸諭
HVH_107_21_000104_000025	一监生生員堵酒挟效賭不守学規出入官府起减詞訟說事遇钱包境物料等
HVH_107_21_000104_000026	項問發為民各治以應得之罪得者計從重論
HVH_107_21_000104_000027	九文武官吏宿唱
HVH_107_21_000104_000028	行兴
HVH_107_21_000104_000029	弓瑙
HVH_107_21_000104_000030	亦坐此律
HVH_107_21_000104_000031	雜犯
HVH_107_21_000105_000001	.0
HVH_107_21_000105_000002	款奉教民勤諭該官慰督
HVH_107_21_000105_000003	於申明亭示諭州各里設申明亭民有不孝不悌
HVH_107_21_000105_000004	纪奸姓名事跡書於极像以示戒
HVH_107_21_000105_000005	医蒙救療者答因而致死者执八
HVH_107_21_000105_000006	九賭財物者杖八十現獲雍場之財物入官其開張賭坊之人雖不尊賭例亦同罪
HVH_107_21_000105_000007	坊亦入官止見發為坐官加一杖九十若赌飲酒者勿論
HVH_107_21_000105_000008	遠者一百流三千里其子给親
HVH_107_21_000105_000009	雜记
HVH_107_21_000105_000010	九官吏諸色人等或留人
HVH_107_21_000105_000011	或為记
HVH_107_21_000105_000012	喔公事者台五十但即坐当該官吏咱從而
HVH_107_21_000105_000013	曲法者與同罪若事施行杖一百所枉罪重者官吏以故出八人罪諭若為他人及親
HVH_107_21_000105_000014	属嘱托者校一百所枉重减官吏罪三等自嘱托已事者加本罪一苛若芳要曲法
HVH_107_21_000105_000015	嘱者杖一百所枉重者典官吏故出八人罪論同至死者城一寺若官不避臨要
HVH_107_21_000105_000016	不者托公事跡赴上司告者一
HVH_107_21_000105_000017	可威蹈
HVH_107_21_000105_000018	私言也若不求属托曲法何用私言倘因官吏
HVH_107_21_000105_000019	法本重也而欲求其偏曲故為属托嘱托者
HVH_107_21_000105_000020	見之不明之不当或以用友之義從中匡正或以戒
HVH_107_21_000105_000021	之枉為之開白雖日分是是言不得謂之嘱托矣
HVH_107_21_000105_000022	0九放火燒自已房屋者延官民房屋者五十因而致傷人命者核一百
HVH_107_21_000105_000023	罪止坐所由失火之人若烧宗廟宫阙者监候若於庫藏倉殿内燃火者雖
HVH_107_21_000105_000024	不失火八十其宫殿及倉庫掌者但見反外火起皆不離所守遣者
HVH_107_21_000105_000025	4.
HVH_107_21_000106_000001	。放火燒自房屋一百若延官民房屋及積聚之物者一百三年因而签取財物者
HVH_107_21_000106_000002	监候殺傷人者以故殺論
HVH_107_21_000106_000003	九恶視徒斜眾商謀計圖得財放火燒官民房屋及公廠倉庫或官聚之物並街
HVH_107_21_000106_000004	市鎮店人居稠密之地已經燒搶奪則物均照强盗律不分首從次
HVH_107_21_000106_000005	儿果人做雜戲文不計粉歷代帝王后妃及先聖先贤忠臣烈士神像者杖一
HVH_107_21_000106_000006	百官民之家容令粉者與同罪其神仙道女及不失即婦孝子考孙勤人善
HVH_107_21_000106_000007	者不在禁限遗者伍十
HVH_107_21_000106_000008	新记
HVH_107_21_000106_000009	九揆之情理不應為而为之者否五十事理重者被、
HVH_107_21_000106_000010	1H
HVH_107_21_000106_000011	捕主
HVH_107_21_000106_000012	儿在應捕人永差追捕罪人而推故不行若知罪人所在而不捕者残罪人罪一限三
HVH_107_21_000106_000013	十日能自捕得一半以上雖不及一半但所者最重皆免其罪若罪因已死及
HVH_107_21_000106_000014	自有各尽者亦免罪有受财故縱者不给捕限各與囚罪同脑重於重者
HVH_107_21_000106_000015	計疑以枉法論從重論
HVH_107_21_000106_000016	九犯罪走拒捕者各於本罪止加二罪止杖一百流三千里本應死無所加
HVH_107_21_000106_000017	欧听捕人至折傷以上被监侯殺已捕人者斬為從者减一若罪人持杖
HVH_107_21_000106_000018	拒捕者格殺之及囚走捕者逐而殺之典囚官迫自殺者皆勿論若已
HVH_107_21_000107_000001	E
HVH_107_21_000107_000002	就拘机及不拒捕而殺之或折傷者谷阔伤若罪人本犯應死而殺一百
HVH_107_21_000107_000003	亿犯罪被因而脱及解脱自带锁祖越獄在逊者各於本罪止加因而窃放
HVH_107_21_000107_000004	他肉罪重者與同罪罪止杖一百流三千里本罪應者依当律若罪囚
HVH_107_21_000107_000005	友狱在逊
HVH_107_21_000107_000006	有情强奋拳公所套門
HVH_107_21_000107_000007	一各度盈狱俱分建以外雨强益供较监重犯俱禁内监軍流以下俱票外
HVH_107_21_000107_000008	别一空女犯無有服属都里保随街候不許一来者
HVH_107_21_000107_000009	人妈人犯罪除纪好及死罪故处其除雜本天收養如
HVH_107_21_000107_000010	若婦人依孕犯罪應
HVH_107_21_000107_000011	决者依法許保管皆待產後一百日失未産而拷失因而隆胎者官吏减九傷致
HVH_107_21_000107_000012	浦七
HVH_107_21_000107_000013	死者杖一百徒三年產後未滴而拷失者减一若子婦犯罪咱令稳要人来看视亦咱產後
HVH_107_21_000107_000014	復金其子於產後
HVH_107_21_000107_000015	未産而央者杖八産乾限未消而决者七十一所司官
HVH_107_21_000107_000016	当堂細加搜檢無有夾带等物方許進益並票卒不許將磚石樹木铜铁
HVH_107_21_000107_000017	器之须混行取入如有置酒入监者将来卒行责治
HVH_107_21_000107_000018	在盈斬彼人犯如有強行不法及赌博等項乃加靠其知情故縱之卒照用
HVH_107_21_000107_000019	局寓賭刻杖一百徒三年提牢官吏失於竟察官故為狗隐交部分别護軍
HVH_107_21_000107_000020	流苛犯有犯罪亦照此问拷、
HVH_107_21_000107_000021	徒流克軍四人限内而者一日五十每三日加苛罪止杖一百仍照配所其徒
HVH_107_21_000107_000022	罪四照依原犯徒年新拘過日月並不准理若起已經断决徒流克軍
HVH_107_21_000108_000001	徒未到配中途在者罪亦如之主守及解人罪杖一百若限仅能自捕得
HVH_107_21_000108_000002	或他痛得與目已死及自有皆免罪故者典因同罪
HVH_107_21_000108_000003	受财者計
HVH_107_21_000108_000004	以枉法韵
HVH_107_21_000108_000005	九原犯在配逊脱復有行为匪者提覆即辰正法如無行者初加号
HVH_107_21_000108_000006	二次加号二个月三次加号三个月無論附近边充軍、
HVH_107_21_000108_000007	充徒犯中途脱逊被獲各於本罪止迎减一
HVH_107_21_000108_000008	九軍流徒犯罪奉文日為始定限雨月起解若無故留不解送者一百台
HVH_107_21_000108_000009	罪止杖六十如是患逾期不能起解准将缘由詳明官容部責
HVH_107_21_000108_000010	指七
HVH_107_21_000108_000011	核其疲限不得過百日若過限不行解者分别度
HVH_107_21_000108_000012	百
HVH_107_21_000108_000013	獄卒不竟失因者减罪四二若四自反獄在逊者又减二咱给限一百追
HVH_107_21_000108_000014	捕限内能自捕得及他人捕得已死及自首獄卒皆免罪司獄官减典獄
HVH_107_21_000108_000015	卒罪三共其提牢官曾經躬親逐一默视罪鎖俱已加法取責官獄卒
HVH_107_21_000108_000016	THUVIEN
HVH_107_21_000108_000017	Q.UOCGIA
HVH_107_21_000108_000018	牢固收文者不坐若不曾照視以致失因者與獄官罪同故縱者不給捕
HVH_107_21_000108_000019	限各與四罪同若賊自外入却因力不能敵者免罪
HVH_107_21_000108_000020	记知人犯罪事發官司差人追唤而藏匿在家不行捕告及指引道路给底粮
HVH_107_21_000108_000021	送会隐藏匿者各减罪人一共輪轉相送而隱藏罪人知情者皆坐减人知
HVH_107_21_000108_000022	官司追捕而泄痛其事致罪人令得逊避者减罪人一
HVH_107_21_000108_000023	及罪人自有又各戏一等
HVH_107_21_000108_000024	能自持得免深老他人捕得
HVH_107_21_000109_000001	断狱上
HVH_107_21_000109_000002	九獄囚應票不應祖而不及脱去若囚該罪三十罪早流罪当五
HVH_107_21_000109_000003	十罪树六十若應鎖而應扭而顾者各减不顾扭一善若因自脱去鑽及司宫
HVH_107_21_000109_000004	狱率與囚脱去鑽极者罪亦如之提牛官知而不举者與同罪不知者不坐
HVH_107_21_000109_000005	其不應而及不應鎖扭而鎖各被六十若受則並計疑以扭法從重論
HVH_107_21_000109_000006	有极人人
HVH_107_21_000109_000007	十日舞技
HVH_107_21_000109_000008	凡彻号人犯除例有正修及催微税粮用小枷号朝加夜放敢有将罪人犯用大枷
HVH_107_21_000109_000009	之号及用连根带竹板傷人者交部因而致死者照罪法打致犯律杖百徒
HVH_107_21_000109_000010	年應加号者遇患病即行保释医治座日捕加遇病而即行保释医治以致
HVH_107_21_000109_000011	人命者交部加废
HVH_107_21_000109_000012	官更依校私警故禁平人者校十因而致死者候提牢官及司狱官典狱车
HVH_107_21_000109_000013	知而不舉首者同罪至死者减哥者因公事千連平人在官本無招罪誤
HVH_107_21_000109_000014	禁致死者杖十有文案應者勿論若故勘平人者杖折傷以上依几
HVH_107_21_000109_000015	傷論因而致死者斬同僚官及卒及知情共勘者與同罪致死者
HVH_107_21_000109_000016	若因事干連平人在事须問及罪人狀借明白不服招承明立又案依法烤
HVH_107_21_000110_000001	.b
HVH_107_21_000110_000002	訊迎至死勿論
HVH_107_21_000110_000003	比国微情狀已法司督撫根無别無追勘未盡事理應失者限三日反断失應
HVH_107_21_000110_000004	起發者限十日起發若限外不決不起发者當官更過二十
HVH_107_21_000110_000005	罪止六十因而掩禁效死者若四犯死罪杖六十流罪执八
HVH_107_21_000110_000006	卒徒一年
HVH_107_21_000110_000007	徒罪枝一百枝罪袜
HVH_107_21_000110_000008	恩赦詔领致赦疑除已經刑部法司覆核明白應免罪逐不詳查登時
HVH_107_21_000110_000009	放釋别行题明外如有情罪可疑者限散到一日即奏奏請其未經法司
HVH_107_21_000110_000010	核覆明白者法司核覆文到之日即辰放毋得航延辰日如赦到奏請迎限及
HVH_107_21_000110_000011	将應免輕罪人犯並無辜之人仍溫行监者交部加護度
HVH_107_21_000110_000012	一犯盈票候待質人犯除强益业伴不應宽釋外如人命搶窃等案
HVH_107_21_000110_000013	有正犯未其案牵連除犯察像無干即辰省釋不准温行候待
HVH_107_21_000110_000014	質案现從犯倒應問拔發遣軍流徒校罪因賦证未明监候待
HVH_107_21_000110_000015	質者發遣軍流罪已過十年徒罪已遇五年罪已過三年該營陸
HVH_107_21_000110_000016	續查明卷部核要應遣流徒者即行配應杖罪者取其的保放辉在
HVH_107_21_000110_000017	侯糕正犯之日再行質罪倘被人釋在後私自逊医保人照不應輕
HVH_107_21_000110_000018	当四十本日照原校罪加加号一月發落若监候年限恭遇恩赦
HVH_107_21_000110_000019	逊本犯拿辰例得减免者待質之犯准其即行責辨省释
HVH_107_21_000110_000020	。
HVH_107_21_000111_000001	九微卒非理在票凌虐傷罪囚者依阙傷論减衣根者計以守自盗
HVH_107_21_000111_000002	論因而致死者統盈候司狱官典及提牢官知而不牵者與罪同
HVH_107_21_000111_000003	九押解鲜每從驛先等放於中途奸访他人妻者依奸四婦律杖一百徒三年押
HVH_107_21_000111_000004	解雖不定情亦交部如設度如押解官自犯污及凌虐勒則交該部從重
HVH_107_21_000111_000005	護度其放害犯人許付刑部並所官司报告
HVH_107_21_000111_000006	充獄卒有受罪人答家賭嘱謀孔本犯者依謀殺人有從治罪
HVH_107_21_000111_000007	九把人监之日提牢官司獄官细加查问禁卒人凌需索者計治罪仍追
HVH_107_21_000111_000008	给回犯人提牢司狱不得行查问事之日亦照失察例
HVH_107_21_000111_000009	九徒罪以下人犯病患者官報明永即行付监赴看視寔行合該管地
HVH_107_21_000111_000010	方官方取其的保保出調治俟病痊即審進結其人犯無人保出者合其散外
HVH_107_21_000111_000011	盈如意調治如教官不即呈報承备不即身者保者俱照掩治罪
HVH_107_21_000111_000012	及自傷反或傷人者各六十徙一年若致囚自殺者八十使二年致反及殺
HVH_107_21_000111_000013	盟候其在逊能自捕得及他人摘得若因已死及自有者各减一若獄囚失
HVH_107_21_000111_000014	检照致四自尽者做卒校六十司狱官典台五十提牢官召四十
HVH_107_21_000111_000015	孔司微官典狱卒致令罪四反異变乱已经勘定之事情及已與通傳言語有所增減
HVH_107_21_000112_000001	罪者以致出入人罪論外人犯者减主守一若容縱外入狱及走泄事情於囚
HVH_107_21_000112_000002	無增減者答五十若受財計以枉法從重諭
HVH_107_21_000112_000003	刊部乃清理刑名之地如有词親人寻自出入及跟值咱察入犯私入衙门窥探者本犯及
HVH_107_21_000112_000004	守门领催皂俱责治於刑部门首号官员犯者交部
HVH_107_21_000112_000005	除死罪不
HVH_107_21_000112_000006	而不脱去應保管出外而不保管應咱家人入视而不咱司狱官與狱平笞五十因而
HVH_107_21_000112_000007	致死者者四該死罪树六十流罪杖八十徒罪杖一百杖罪以下校六十徒一年
HVH_107_21_000112_000008	提牢官知而不举者該狱官卒罪同若已申禀上司不即施行者一日答
HVH_107_21_000112_000009	每日加一共罪止管四十因而致犯照前项與同罪
HVH_107_21_000112_000010	在盈人犯許令祖父母父母叔伯兄弟妻妾子孙一月雨次入其随行入视之使
HVH_107_21_000112_000011	後人于不越两各若有食者提牢官卧明子傳送其強盗犯要于家口不許
HVH_107_21_000112_000012	放入盈门视者要子家口加号两个月责校一有婦女照创收贖提牢
HVH_107_21_000112_000013	司狱官吏
HVH_107_21_000112_000014	参度
HVH_107_21_000112_000015	九功臣及五品以上文武官犯罪應禁者許令親入视徒流者並咱親人随行若在及
HVH_107_21_000112_000016	至配所或中途疲死者在京原問官在外随官司開其致緣由差人引領親人
HVH_107_21_000112_000017	詣阙奉請發放遣者杖六十
HVH_107_21_000112_000018	礼所
HVH_107_21_000113_000001	不合拷訊定罪也者以故八人罪論其於律得相容之人及年八十以上十歲
HVH_107_21_000113_000002	皆不得令其为証迪者答五十
HVH_107_21_000113_000003	皆墙
HVH_107_21_000113_000004	皆爽屋者
HVH_107_21_000113_000005	迎点科罪
HVH_107_21_000113_000006	九鞠獄官推問罪囚有同起仅犯罪人伴見在他官司停罪專待対者分我不相
HVH_107_21_000113_000007	皆咱其直行文書拘他度官司於文書到後限三日内即將所句人犯遣
HVH_107_21_000113_000008	迎限不者一日咨五十每一日加一罪止八十若起案應对合间同律罪
HVH_107_21_000113_000009	因已他事見问者因移重少從多若因效尊者後
HVH_107_21_000113_000010	之日送先發官司併何若两縣相三百之处者各從事發為也者咨五十、
HVH_107_21_000113_000011	儿鞠徹官依原告人告來校准问若於外别求他事拾被告人罪者入
HVH_107_21_000113_000012	人罪論同不署文案者不坐若因其所告本恢事情或應掩搜檢因而檢得
HVH_107_21_000113_000013	九翰訊將狀有人犯它知光業伴党人多仍行嚴究察無干連
HVH_107_21_000113_000014	罪事会准问理者不在此故入同罪之限
HVH_107_21_000113_000015	别
HVH_107_21_000113_000016	牵
HVH_107_21_000113_000017	者即行
HVH_107_21_000113_000018	堂
HVH_107_21_000113_000019	徽下
HVH_107_21_000113_000020	九官司故出入人罪全出八者全罪論之者深謂之無常教不原
HVH_107_21_000113_000021	重减重依格
HVH_107_21_000113_000022	全出
HVH_107_21_000113_000023	謂官更因受人财及法外刑而故加罪故出脱
HVH_107_21_000113_000024	失者好心之遇本曲加
HVH_107_21_000113_000025	若俱增择作
HVH_107_21_000113_000026	4
HVH_107_21_000114_000001	故八故增各减三等失於出者
HVH_107_21_000114_000002	铁将重罪
HVH_107_21_000114_000003	品
HVH_107_21_000114_000004	各加减五普典為首首领减典一長
HVH_107_21_000114_000005	官减佐二官一科若未决改及放而復獲與囚自死其故出入失出入减一
HVH_107_21_000114_000006	承官改造口借故行出入者草戰故入罪已决者抵罪其草卒定案援無急
HVH_107_21_000114_000007	柱坐人罪者亦幸戰
HVH_107_21_000114_000008	九謀反謀之罪照律連坐籍其餘情罪詳載律俱應照律護不得存心阻害借
HVH_107_21_000114_000009	吉情罪重大指朋党妄護株連父母兄弟妻子籍改家產若承審官於本罪外
HVH_107_21_000114_000010	造此專言語株連没即照故入人死罪治罪
HVH_107_21_000114_000011	九级外问刑衙门辨明枉要具枉事定封奏闻委官追问得是被
HVH_107_21_000114_000012	之人依律改正罪坐原告原告官吏故失八人罪論若罪囚本無宪枉
HVH_107_21_000114_000013	辦白者杖一百徒三年
HVH_107_21_000114_000014	一法司過有重囚稱原问官员取难辨理者許請
HVH_107_21_000114_000015	领下朝公同辨理果有完及情可矜亏者请音定奪、
HVH_107_21_000114_000016	定
HVH_107_21_000114_000017	九微因问明白追勘全備軍流徒罪各從府次配至犯罪者在法司提
HVH_107_21_000114_000018	外咱督撫察無免依律護法司要勘如奏闻回報委官度火故延不
HVH_107_21_000114_000019	者杖差罪人互異家属稱便催勒事果迎枉同将原察官更通问
HVH_107_21_000114_000020	明党柳不為申理八人罪故失諭
HVH_107_21_000115_000001	.
HVH_107_21_000115_000002	九檢傷若到故不即儉駅致合及不親親轉委吏卒傷
HVH_107_21_000115_000003	悬即增
HVH_107_21_000115_000004	若初典要卧官吏相見扶同屍收
HVH_107_21_000115_000005	雖视
HVH_107_21_000115_000006	监视
HVH_107_21_000115_000007	友不為用心检移量
HVH_107_21_000115_000008	松重增域
HVH_107_21_000115_000009	知移移作
HVH_107_21_000115_000010	傷不是定批致死根由不明者正官杖六十首领官七十更典杖八十件作行人检不是
HVH_107_21_000115_000011	者聚亦如之因而罪有增藏以失入人罪論吾受财放不以是者以故八人罪
HVH_107_21_000115_000012	論各提重
HVH_107_21_000115_000013	重者在法
HVH_107_21_000115_000014	九宫吏决人不加法者
HVH_107_21_000115_000015	校管十固而致者杖一百均数理银十两
HVH_107_21_000115_000016	如遮答
HVH_107_21_000115_000017	杖之人各成一等其行杖之人若次不及膚老依决之罪罪坐所由主
HVH_107_21_000115_000018	成白
HVH_107_21_000115_000019	行状君受财者計程以枉法從重論
HVH_107_21_000115_000020	或
HVH_107_21_000115_000021	兀官吏决人不知法者
HVH_107_21_000115_000022	如磨台
HVH_107_21_000115_000023	中用杖
HVH_107_21_000115_000024	早因而致死者杖一百为微埋銀十两者之家行教人人各
HVH_107_21_000115_000025	5+
HVH_107_21_000115_000026	给寸元
HVH_107_21_000115_000027	越子其行杖之人各不及方依所火之效抵罪坐前由
HVH_107_21_000115_000028	或由主使
HVH_107_21_000115_000029	或田行
HVH_107_21_000115_000030	若受财考
HVH_107_21_000115_000031	討脏以枉法提重論
HVH_107_21_000115_000032	九益之官因全事於人虚初去處非法打及親自以大杖或金刃手足人致
HVH_107_21_000115_000033	以上若感傷二寺数杖百徒三年追並銀十其咱使下手之人各减一
HVH_107_21_000115_000034	若於人臀腿受刑去废依法失打避去處及自尽者各勿論
HVH_107_21_000115_000035	九因徒流死罪各及其家属具告所断罪名乃因四服文杖若不服者其行
HVH_107_21_000115_000036	舞理更為詳者徒流罪四于罪杖于其家属在三百里之外取四取辨大状
HVH_107_21_000115_000037	不在具告家属罪名之限
HVH_107_21_000116_000001	礼教前處断刑各罪有不富若怪爲重
HVH_107_21_000116_000002	教诉不愿
HVH_107_21_000116_000003	其情本像
HVH_107_21_000116_000004	者当依律改正從輕就思看若
HVH_107_21_000116_000005	重爲
HVH_107_21_000116_000006	当依律胎断杜律免若官吏故出八者雖會赦並不原
HVH_107_21_000116_000007	九闻知將有恩赦而故犯罪者加常人一會赦並不原者若官司闻知將有恩教局
HVH_107_21_000116_000008	故論决因罪者以故入人罪命
HVH_107_21_000116_000009	九益場設缺冶拘從徒應八役而不八後及因徙病給已痊可不合計日贴杖
HVH_107_21_000116_000010	者过三日二十
HVH_107_21_000116_000011	若囚徒
HVH_107_21_000116_000012	县孟守者
HVH_107_21_000116_000013	每三日加一等罪止一百若四徙年限未消监守之
HVH_107_21_000116_000014	縱巡回及容令雇人代替者照依人應從日效徒役並所由受財計以
HVH_107_21_000116_000015	开
HVH_107_21_000116_000016	枉法從重論仍拘徒囚貼役
HVH_107_21_000116_000017	計日論其巡座之罪
HVH_107_21_000116_000018	耶楠其雇之役
HVH_107_21_000116_000019	1+l
HVH_107_21_000116_000020	九死罪不待要奏回报面處决者杖八十若已要奏回報應者三月乃行
HVH_107_21_000116_000021	強鉴者雖次不待辰若於刑日而失者否早
HVH_107_21_000116_000022	過即行题报除
HVH_107_21_000116_000023	九斷罪應次配而收贖應收贖決配各依出入人罪减故失一等者反逆緣坐人
HVH_107_21_000116_000024	口應八官而放免及非應八官而入官者各以出八人流罪故失論
HVH_107_21_000116_000025	九斬皎案件如營持罪過輕而刑部從重者應再察如罪過重而
HVH_107_21_000116_000026	刑部從輕其中间有竇者不得卧令安指尚刑部所見確即改持題
HVH_107_21_000117_000001	要不必輪轉卧察致滋拖累
HVH_107_21_000117_000002	九請衙门问刑名子项
HVH_107_21_000117_000003	必考犯者
HVH_107_21_000117_000004	致官司罪有出者故出入人罪論若犯人果不哉实致不于具招
HVH_107_21_000117_000005	若吏典更寫聚罪
HVH_107_21_000117_000006	依其親
HVH_107_21_000117_000007	代寫
HVH_107_21_000117_000008	出入亦运制論
HVH_107_21_000117_000009	工律
HVH_107_21_000117_000010	營造
HVH_107_21_000117_000011	九軍民官司有營造應申上而不中上應待報而不待而起若者各計
HVH_107_21_000117_000012	所役人雇工钱坐赃論若非法所当為而行營造及非起差管造者
HVH_107_21_000117_000013	罪亦如之其城垣倒倉庫公损一辰起差修理者不在此限若营造
HVH_107_21_000117_000014	申請財物及人工多少不者五十損財物或已費人併所損物價
HVH_107_21_000117_000015	及研赏雇工以坐貼論
HVH_107_21_000117_000016	九杖使人取木石材科及燒遇尾之颂虚费工刀而不勘用者計所
HVH_107_21_000117_000017	交胜論
HVH_107_21_000117_000018	费集
HVH_107_21_000117_000019	九造作不如法者若成造軍器不如法者各五十若不勘用及應改造
HVH_107_21_000117_000020	者各併計所損财物及所费重者坐脏論其應供奉御用之物加坐助罪二
HVH_107_21_000117_000021	构償物质
HVH_107_21_000117_000022	储流
HVH_107_21_000117_000023	九造作局院頭目二匠各破物科入色者計以监守自蛊論追物償
HVH_107_21_000117_000024	九内外各公倉庫局院官房舍俱有損坏当官吏随即移文所在有
HVH_107_21_000118_000001	司脩理迪者若因而損官拘者依律早科罪赔償所損
HVH_107_21_000118_000002	享
HVH_107_21_000118_000003	冷物
HVH_107_21_000118_000004	九各府州縣有司官吏不住公政官房面住街市民房者林八十
HVH_107_21_000118_000005	河防
HVH_107_21_000118_000006	九益次官河防者校一百益次民間之圩岸陂塘者八十若因签决而致水漫毁
HVH_107_21_000118_000007	依人家及漂失财物渝没田未計物價重於者坐難論不先事河防及脩而失辰
HVH_107_21_000118_000008	者提調官各管五十若毁城人家漂失财物者杖二十因而致傷人命者杖八其
HVH_107_21_000118_000009	暴水连雨損堤防非入力之所能致者勿論
HVH_107_21_000118_000010	其好岸不俯及价而失辰者
HVH_107_21_000118_000011	幸因而渝没田未者管四九堤官
HVH_107_21_000118_000012	加意慎重固河防除现在已房屋無堤土免其从如再有增益即行
HVH_107_21_000118_000013	驅逐者治罪並將縱容隐之官员交部分别
HVH_107_21_000118_000014	各镇堤路官詳轉所有舊堤條其條干尋尺内屋某自某至来
HVH_107_21_000118_000015	堤面堤脚堤高干寻尺央某某度及所有公貢各所逐一開列成薄准
HVH_107_21_000118_000016	额常年十月初一日府官倒親行查勘转堤路某塌决裂及
HVH_107_21_000118_000017	水勘衝激或宜培染或宜抱集或宜别取新堤並詳開尋尺的定及各的貢合
HVH_107_21_000118_000018	朽漏可補助貢或理作新貢限十日開海在該營鎖官是月
HVH_107_21_000118_000019	十一日設營官要行勘定限是月勘畢開在堤政十一月上旬
HVH_107_21_000118_000020	堤政官再親行要勘詳確限十二月中自勘畢分别大小功程呈总
HVH_107_21_000118_000021	.
HVH_107_21_000119_000001	叶護如培小功程各照得增高附大千天送府官量水所及
HVH_107_21_000119_000002	社民修築其有築取新堤諸大功程及理作新貢各處計床功及
HVH_107_21_000119_000003	需用物料若干並准官践的定限数堤正依叶所詳送下鎮官轉傳
HVH_107_21_000119_000004	府联衙门招募民夫置勝就築堤政官委幹買叶與委員就
HVH_107_21_000119_000005	照依樣式督依並次年正月下自或二月上旬起初作之期許公象
HVH_107_21_000119_000006	践務在十分坐固小功程各限一个月大功程各限二个月畢
HVH_107_21_000119_000007	申堤政勘定其假作出不及丈尺不明式委員各随輕重
HVH_107_21_000119_000008	間有不致尋常水被破潰者鎮官與督押員入各随論罪堤政官
HVH_107_21_000119_000009	亦有罰及
HVH_107_21_000119_000010	九侵占街巷道路面起益房屋及為国陵圆者六十各分復道
HVH_107_21_000119_000011	九桥棵道路府佐二官提調於隙之辰常加照視理務要呈平
HVH_107_21_000119_000012	失於脩理但經行者堤官吏管三十若律渡之度應造梁
HVH_107_21_000119_000013	而不造應置渡船而不置笞十
HVH_107_21_000119_000014	此引律例
HVH_107_21_000120_000001	按律無正條則此引科断今拳效開列于後餘可例推
HVH_107_21_000120_000002	一强益犯捕從带因技首有教令及赌求故准造情擎此照受财故律治罪
HVH_107_21_000120_000003	一妻之子打庶母傷者比依弟妹兄婦律杖九十徒二年半
HVH_107_21_000120_000004	一殺義子此依殺兄弟之子律杖一百徒三年殺者杖一百流三千里
HVH_107_21_000121_000001	嗣德甲戌年改重九
HVH_107_21_000121_000002	官缝尺四寸
HVH_107_21_000121_000003	嗣德甲戌年改给重五两
HVH_107_21_000121_000004	官木尺五寸
HVH_107_21_000121_000005	嗣德叁拾五年造重玖雨陆线
HVH_107_21_000121_000006	官田尺五寸
HVH_107_21_000121_000007	儿摘豫父卒
HVH_107_21_000121_000008	三俊兄弟照庄
HVH_107_21_000121_000009	九男为人後者為其
HVH_107_21_000121_000010	九宗本
HVH_107_21_000121_000011	褒杖期
HVH_107_21_000121_000012	祖父母永重者
HVH_107_21_000121_000013	加服新三年
HVH_107_21_000121_000014	亦同。若祖在为
HVH_107_21_000121_000015	其祖母止服
HVH_107_21_000121_000016	祖父母承重加服
HVH_107_21_000121_000017	。若為高曾
HVH_107_21_000121_000018	堂祖父母堂父母堂兄弟堂功堂
HVH_107_21_000121_000019	腮麻
HVH_107_21_000121_000020	從堂父世從学党象從堂
HVH_107_21_000121_000021	小功
HVH_107_21_000121_000022	總麻
HVH_107_21_000121_000023	要總麻婦總麻婦無
HVH_107_21_000121_000024	婦無服
HVH_107_21_000121_000025	婦無服
HVH_107_21_000121_000026	大功
HVH_107_21_000121_000027	婦無服
HVH_107_21_000121_000028	本生親属孝服背降
HVH_107_21_000121_000029	一等唯本生义母泽服
HVH_107_21_000121_000030	不扶期母報服同
HVH_107_21_000121_000031	中山
HVH_107_21_000121_000032	五族
HVH_107_21_000121_000033	高曾祖父
HVH_107_21_000121_000034	齊衰齊衰
HVH_107_21_000121_000035	叔伯
HVH_107_21_000121_000036	齊衰
HVH_107_21_000121_000037	祖父
HVH_107_21_000121_000038	小功功
HVH_107_21_000121_000039	祖父母
HVH_107_21_000121_000040	不拔期
HVH_107_21_000121_000041	衰
HVH_107_21_000121_000042	2
HVH_107_21_000121_000043	已身
HVH_107_21_000121_000044	長子子俱大功摘長
HVH_107_21_000121_000045	不期不杖测
HVH_107_21_000121_000046	子葵功
HVH_107_21_000121_000047	婦總麻婦無服
HVH_107_21_000121_000048	孙
HVH_107_21_000121_000049	曾孫
HVH_107_21_000121_000050	總麻
HVH_107_21_000121_000051	玄孙
HVH_107_21_000121_000052	總麻
HVH_107_21_000121_000053	認麻
HVH_107_21_000121_000054	兄弟妻功郑小功
HVH_107_21_000121_000055	.
HVH_107_21_000122_000001	服
HVH_107_21_000122_000002	高祖母曾祖母
HVH_107_21_000122_000003	三月
HVH_107_21_000122_000004	五月
HVH_107_21_000122_000005	不校期三年
HVH_107_21_000122_000006	祖母
HVH_107_21_000122_000007	母
HVH_107_21_000122_000008	父母在不
HVH_107_21_000122_000009	被
HVH_107_21_000122_000010	长子婦不怕孫婦坊
HVH_107_21_000122_000011	出账大功
HVH_107_21_000122_000012	出演德市
HVH_107_21_000122_000013	曾孫婦玄孫婦
HVH_107_21_000122_000014	無服
HVH_107_21_000122_000015	無服
HVH_107_21_000122_000016	曾祖姑
HVH_107_21_000122_000017	祖站
HVH_107_21_000122_000018	姑
HVH_107_21_000122_000019	妹
HVH_107_21_000122_000020	女
HVH_107_21_000122_000021	骗女
HVH_107_21_000122_000022	属在视府
HVH_107_21_000122_000023	九五世祖族
HVH_107_21_000122_000024	服
HVH_107_21_000122_000025	正
HVH_107_21_000122_000026	在空规廉
HVH_107_21_000122_000027	出旅無服
HVH_107_21_000122_000028	在室小功
HVH_107_21_000122_000029	出無服
HVH_107_21_000122_000030	在室總麻
HVH_107_21_000122_000031	堂祖姑
HVH_107_21_000122_000032	出斌無
HVH_107_21_000122_000033	出嫁大功出大功
HVH_107_21_000122_000034	出效總麻出效小功
HVH_107_21_000122_000035	在家期年在不核期
HVH_107_21_000122_000036	堂姑
HVH_107_21_000122_000037	在室小功
HVH_107_21_000122_000038	在室大功
HVH_107_21_000122_000039	堂娣妹
HVH_107_21_000122_000040	在室不获期在室小功
HVH_107_21_000122_000041	出效大功
HVH_107_21_000122_000042	在堂小功
HVH_107_21_000122_000043	出端怨度
HVH_107_21_000122_000044	堂經女
HVH_107_21_000122_000045	出無服
HVH_107_21_000122_000046	堂孩女
HVH_107_21_000122_000047	出线座
HVH_107_21_000122_000048	在坐總麻
HVH_107_21_000122_000049	出效無服
HVH_107_21_000122_000050	空總序
HVH_107_21_000122_000051	绝象之处
HVH_107_21_000122_000052	名祖说想运
HVH_107_21_000122_000053	丧服东
HVH_107_21_000122_000054	服尺布疆爽
HVH_107_21_000122_000055	圖
HVH_107_21_000122_000056	姑娣妹及孫女在
HVH_107_21_000122_000057	室或已嫁被出而
HVH_107_21_000122_000058	弟婦妹及兄弟之子当
HVH_107_21_000122_000059	服併男子同出嫁
HVH_107_21_000122_000060	而無夫無子者為其兄
HVH_107_21_000122_000061	不期
HVH_107_21_000122_000062	在室總府
HVH_107_21_000122_000063	從堂姑
HVH_107_21_000122_000064	出效無服
HVH_107_21_000122_000065	從堂娜妹
HVH_107_21_000122_000066	在室小功
HVH_107_21_000122_000067	出始府
HVH_107_21_000122_000068	在室總麻
HVH_107_21_000122_000069	出無服
HVH_107_21_000122_000070	從娣妹
HVH_107_21_000122_000071	出無服
HVH_107_21_000122_000072	從堂翅女
HVH_107_21_000122_000073	在室爬
HVH_107_21_000122_000074	九女適人者為其和親行
HVH_107_21_000122_000075	父後者不降。為兄弟姪
HVH_107_21_000122_000076	曾祖不降。為兄弟之為
HVH_107_21_000122_000077	服皆降一等。為祖及高
HVH_107_21_000122_000078	之要不降
HVH_107_21_000123_000001	后
HVH_107_21_000123_000002	者從
HVH_107_21_000123_000003	族夫為妻
HVH_107_21_000123_000004	母永重者併從夫服
HVH_107_21_000123_000005	夫為祖父母及高曾祖
HVH_107_21_000123_000006	夫高祖
HVH_107_21_000123_000007	緦麻
HVH_107_21_000123_000008	树母
HVH_107_21_000123_000009	夫曾祖
HVH_107_21_000123_000010	勰麻
HVH_107_21_000123_000011	夫曾祖
HVH_107_21_000123_000012	無服
HVH_107_21_000123_000013	夫树祖
HVH_107_21_000123_000014	艾母
HVH_107_21_000123_000015	無服
HVH_107_21_000123_000016	緦麻
HVH_107_21_000123_000017	夫祖
HVH_107_21_000123_000018	,
HVH_107_21_000123_000019	斬三年衰三年
HVH_107_21_000123_000020	艾母
HVH_107_21_000123_000021	夫伯叔
HVH_107_21_000123_000022	麻
HVH_107_21_000123_000023	舅
HVH_107_21_000123_000024	大功
HVH_107_21_000123_000025	夫三從兄弟
HVH_107_21_000123_000026	及要無服
HVH_107_21_000123_000027	及要
HVH_107_21_000123_000028	夫兄弟
HVH_107_21_000123_000029	總麻
HVH_107_21_000123_000030	小功
HVH_107_21_000123_000031	夫
HVH_107_21_000123_000032	夫期年夫迎孩小功
HVH_107_21_000123_000033	公
HVH_107_21_000123_000034	手期年
HVH_107_21_000123_000035	總麻
HVH_107_21_000123_000036	舊礼要為夫外祖母服
HVH_107_21_000123_000037	總成。为人母舅母姨服
HVH_107_21_000123_000038	無服
HVH_107_21_000123_000039	大功
HVH_107_21_000123_000040	孫
HVH_107_21_000123_000041	夫当
HVH_107_21_000123_000042	曾姓孩婦
HVH_107_21_000123_000043	座
HVH_107_21_000123_000044	曾豫
HVH_107_21_000123_000045	總麻
HVH_107_21_000123_000046	無服
HVH_107_21_000123_000047	總麻
HVH_107_21_000123_000048	玄豫
HVH_107_21_000123_000049	夫提堂伯夫再從兄夫再從
HVH_107_21_000123_000050	麻今制俱無
HVH_107_21_000123_000051	父母無服要無服
HVH_107_21_000123_000052	再姬婦
HVH_107_21_000123_000053	總麻
HVH_107_21_000123_000054	祖母
HVH_107_21_000123_000055	母
HVH_107_21_000123_000056	及要
HVH_107_21_000123_000057	堂经婦
HVH_107_21_000123_000058	無
HVH_107_21_000123_000059	堂强源帰
HVH_107_21_000123_000060	夫堂伯叔
HVH_107_21_000123_000061	夫堂伯叔
HVH_107_21_000123_000062	夫堂兄弟
HVH_107_21_000123_000063	夫堂小功
HVH_107_21_000123_000064	天堂
HVH_107_21_000123_000065	X
HVH_107_21_000123_000066	a
HVH_107_21_000124_000001	也族
HVH_107_21_000124_000002	圖之服義
HVH_107_21_000124_000003	舅姑降服大功
HVH_107_21_000124_000004	文母
HVH_107_21_000124_000005	總麻
HVH_107_21_000124_000006	夫為人後為夫本生
HVH_107_21_000124_000007	艾母
HVH_107_21_000124_000008	總麻
HVH_107_21_000124_000009	艾母
HVH_107_21_000124_000010	無服
HVH_107_21_000124_000011	大功
HVH_107_21_000124_000012	斬三年在不婦大功
HVH_107_21_000124_000013	在室把麻在室出效
HVH_107_21_000124_000014	出嫁服俱服麻出總床出效無服
HVH_107_21_000124_000015	天從堂如
HVH_107_21_000124_000016	無服
HVH_107_21_000124_000017	姑
HVH_107_21_000124_000018	失為要長子婦期
HVH_107_21_000124_000019	齊豪期年0象子
HVH_107_21_000124_000020	夫再從
HVH_107_21_000124_000021	婦效
HVH_107_21_000124_000022	夫三從
HVH_107_21_000124_000023	邓妹
HVH_107_21_000124_000024	無服
HVH_107_21_000124_000025	再從姬
HVH_107_21_000124_000026	麻出
HVH_107_21_000124_000027	女在空
HVH_107_21_000124_000028	總麻
HVH_107_21_000124_000029	孫婦
HVH_107_21_000124_000030	夫之庶毋齊衰杖期
HVH_107_21_000124_000031	天之庶母無子名総麻
HVH_107_21_000124_000032	為失之生母靳衰三年
HVH_107_21_000124_000033	曾孫婦玄孫婦
HVH_107_21_000124_000034	無服
HVH_107_21_000124_000035	無服
HVH_107_21_000124_000036	夫曾祖
HVH_107_21_000124_000037	夫祖姑
HVH_107_21_000124_000038	夫姑母夫娣妹
HVH_107_21_000124_000039	夫女
HVH_107_21_000124_000040	夫女夫目嫂女
HVH_107_21_000124_000041	姑無服
HVH_107_21_000124_000042	在堂妮麻
HVH_107_21_000124_000043	在室出放
HVH_107_21_000124_000044	在空出端在至期斗在室中功
HVH_107_21_000124_000045	在室總床
HVH_107_21_000124_000046	出发無服
HVH_107_21_000124_000047	俱服大功服小功出始大功
HVH_107_21_000124_000048	出床
HVH_107_21_000124_000049	出效無服
HVH_107_21_000124_000050	夫堂祖姑
HVH_107_21_000124_000051	夫堂姑夫堂妈妹
HVH_107_21_000124_000052	大堂姑女夫堂姑女
HVH_107_21_000124_000053	在空小功在室網麻
HVH_107_21_000124_000054	無服
HVH_107_21_000125_000001	-1
HVH_107_21_000125_000002	X
HVH_107_21_000125_000003	山
HVH_107_21_000125_000004	圖之服族長家為妾
HVH_107_21_000125_000005	庶子爲母之兄弟婦弟
HVH_107_21_000125_000006	爲其父母降服期年
HVH_107_21_000125_000007	俱無服。痛孫象孫為
HVH_107_21_000125_000008	庶祖母小服
HVH_107_21_000125_000009	功
HVH_107_21_000125_000010	期年
HVH_107_21_000125_000011	正室君
HVH_107_21_000125_000012	妾不敢稱夫
HVH_107_21_000125_000013	齊衰期年
HVH_107_21_000125_000014	亦謂之女
HVH_107_21_000125_000015	家長長子家長嫡孫
HVH_107_21_000125_000016	为其己子为其已孫
HVH_107_21_000125_000017	齊衰
HVH_107_21_000125_000018	齊衰
HVH_107_21_000125_000019	期年
HVH_107_21_000125_000020	期年功
HVH_107_21_000125_000021	服
HVH_107_21_000125_000022	大
HVH_107_21_000125_000023	無
HVH_107_21_000125_000024	為其私親則無服
HVH_107_21_000125_000025	家長亦謂之君
HVH_107_21_000125_000026	家長象子家長孫
HVH_107_21_000125_000027	衰三年
HVH_107_21_000125_000028	期年
HVH_107_21_000125_000029	服
HVH_107_21_000125_000030	小
HVH_107_21_000125_000031	齊衰
HVH_107_21_000125_000032	齊衰
HVH_107_21_000125_000033	無
HVH_107_21_000125_000034	家長祖父母家長父母
HVH_107_21_000125_000035	已身
HVH_107_21_000126_000001	,
HVH_107_21_000126_000002	圖之服降宗本為女嫁出
HVH_107_21_000126_000003	當報服麻今制出嫁
HVH_107_21_000126_000004	嫁姊妹之於堂兄弟要亦
HVH_107_21_000126_000005	按安為夫族服圖為夫之親
HVH_107_21_000126_000006	為本宗兄弟妻堂兄弟
HVH_107_21_000126_000007	委及娃婦俱不到服制
HVH_107_21_000126_000008	三月
HVH_107_21_000126_000009	五月
HVH_107_21_000126_000010	期手
HVH_107_21_000126_000011	出嫁小
HVH_107_21_000126_000012	堂相父母
HVH_107_21_000126_000013	在室大功
HVH_107_21_000126_000014	出嫁無服
HVH_107_21_000126_000015	在室總麻
HVH_107_21_000126_000016	堂姑
HVH_107_21_000126_000017	期年
HVH_107_21_000126_000018	姑
HVH_107_21_000126_000019	堂兄弟
HVH_107_21_000126_000020	在室小功
HVH_107_21_000126_000021	堂娜妹
HVH_107_21_000126_000022	出嫁總麻
HVH_107_21_000126_000023	娜妹
HVH_107_21_000126_000024	在室大功
HVH_107_21_000126_000025	出嫁小功
HVH_107_21_000126_000026	在空媳麻
HVH_107_21_000126_000027	堂好女
HVH_107_21_000126_000028	出家無服
HVH_107_21_000126_000029	女
HVH_107_21_000126_000030	堂姪
HVH_107_21_000126_000031	为夫兄弟零祖服小功为夫堂
HVH_107_21_000126_000032	兄弟吸總底剧出嫁親姑字
HVH_107_21_000126_000033	總廉
HVH_107_21_000126_000034	小功
HVH_107_21_000126_000035	功
HVH_107_21_000126_000036	婦出嫁娣妹於兄弟妾
HVH_107_21_000126_000037	宜俱当報服小功出
HVH_107_21_000126_000038	祖父母
HVH_107_21_000126_000039	麻
HVH_107_21_000126_000040	大功
HVH_107_21_000126_000041	兄弟
HVH_107_21_000126_000042	小功
HVH_107_21_000126_000043	娃婦小功
HVH_107_21_000126_000044	大功
HVH_107_21_000126_000045	高祖父母
HVH_107_21_000126_000046	齐褒
HVH_107_21_000126_000047	曾祖父母
HVH_107_21_000126_000048	齐衰
HVH_107_21_000126_000049	祖父母
HVH_107_21_000126_000050	齐衰
HVH_107_21_000126_000051	父母
HVH_107_21_000126_000052	齐衰
HVH_107_21_000126_000053	已身
HVH_107_21_000126_000054	親妻親外
HVH_107_21_000126_000055	圖服黨委黨母族外
HVH_107_21_000126_000056	娜妹俱服小功
HVH_107_21_000126_000057	九庶子為摘母
HVH_107_21_000126_000058	之父母兄弟娣妹
HVH_107_21_000126_000059	母之父母兄弟
HVH_107_21_000126_000060	俱義服小功母死
HVH_107_21_000126_000061	则不腹。九子為
HVH_107_21_000126_000062	外祖父母
HVH_107_21_000126_000063	祖父母滤麻
HVH_107_21_000126_000064	婦為夫從母總麻
HVH_107_21_000126_000065	從母小功
HVH_107_21_000126_000066	妻父母
HVH_107_21_000126_000067	母之娣
HVH_107_21_000126_000068	姑之子曰外兄弟
HVH_107_21_000126_000069	從母之子総麻
HVH_107_21_000126_000070	謂從母之子也
HVH_107_21_000126_000071	姨兄弟娣妹
HVH_107_21_000126_000072	己身
HVH_107_21_000126_000073	甥女小功
HVH_107_21_000126_000074	婦之女曰甥女
HVH_107_21_000126_000075	壻
HVH_107_21_000126_000076	婦服並同
HVH_107_21_000126_000077	母之兄弟
HVH_107_21_000126_000078	舅姑之子勰
HVH_107_21_000126_000079	郊之子曰甥小功
HVH_107_21_000126_000080	為天之舅男總麻
HVH_107_21_000126_000081	舅小功
HVH_107_21_000126_000082	留男之子曰内兄弟
HVH_107_21_000126_000083	甥
HVH_107_21_000126_000084	甥婦總麻
HVH_107_21_000126_000085	婦人爲夫外
HVH_107_21_000126_000086	妻亡别妻亦同
HVH_107_21_000126_000087	外孫総麻
HVH_107_21_000126_000088	之子也
HVH_107_21_000127_000001	3
HVH_107_21_000127_000002	制服
HVH_107_21_000127_000003	之
HVH_107_21_000127_000004	宣
HVH_107_21_000127_000005	艾
HVH_107_21_000127_000006	今制養母嫡
HVH_107_21_000127_000007	元不同居则
HVH_107_21_000127_000008	娣妹各服小
HVH_107_21_000127_000009	母继母慈母
HVH_107_21_000127_000010	以上親服齊
HVH_107_21_000127_000011	無服。附異父
HVH_107_21_000127_000012	母出母俱
HVH_107_21_000127_000013	同母之兄弟
HVH_107_21_000127_000014	勒衰三年
HVH_107_21_000127_000015	6年月0先月
HVH_107_21_000127_000016	是慢不同后报服
HVH_107_21_000127_000017	衰明。杰母著
HVH_107_21_000127_000018	宵衰三月
HVH_107_21_000127_000019	功
HVH_107_21_000127_000020	繼
HVH_107_21_000127_000021	母
HVH_107_21_000127_000022	母出為然母
HVH_107_21_000127_000023	從之乃校期
HVH_107_21_000127_000024	母報服不期
HVH_107_21_000127_000025	之兄弟娜姑小功
HVH_107_21_000127_000026	卒册而已
HVH_107_21_000127_000027	之毋義服
HVH_107_21_000127_000028	齊二年
HVH_107_21_000127_000029	毋為長
HVH_107_21_000127_000030	謂父再娶
HVH_107_21_000127_000031	子報服膏
HVH_107_21_000127_000032	衰三年
HVH_107_21_000127_000033	杖期出
HVH_107_21_000127_000034	則無服。若父
HVH_107_21_000127_000035	子乃服不
HVH_107_21_000127_000036	母
HVH_107_21_000127_000037	不核期。底母
HVH_107_21_000127_000038	為祖後者则
HVH_107_21_000127_000039	為君之象子
HVH_107_21_000127_000040	。為君之長子
HVH_107_21_000127_000041	妄為君斬哀
HVH_107_21_000127_000042	三年。爲女
HVH_107_21_000127_000043	慈已者謂自
HVH_107_21_000127_000044	齊不忧期
HVH_107_21_000127_000045	無服
HVH_107_21_000127_000046	庶母爲其子
HVH_107_21_000127_000047	齐衰三年
HVH_107_21_000127_000048	君爲其父母
HVH_107_21_000127_000049	母總麻
HVH_107_21_000127_000050	養成以下遗
HVH_107_21_000127_000051	母
HVH_107_21_000127_000052	衰三年
HVH_107_21_000127_000053	謂養同宗及
HVH_107_21_000127_000054	亲之子者兴
HVH_107_21_000127_000055	几自遇房
HVH_107_21_000127_000056	县人亦服膏
HVH_107_21_000127_000057	親母同正服
HVH_107_21_000127_000058	齊衰三年
HVH_107_21_000127_000059	嫁
HVH_107_21_000127_000060	母
HVH_107_21_000127_000061	謂父七母出嫁者
HVH_107_21_000127_000062	隆服秋期母为子
HVH_107_21_000127_000063	報服不期
HVH_107_21_000127_000064	女子已通人者乃
HVH_107_21_000127_000065	服大功母為女報
HVH_107_21_000127_000066	者服不被期
HVH_107_21_000127_000067	服子為父後者不
HVH_107_21_000127_000068	服前天之子從已嫁
HVH_107_21_000127_000069	二年母
HVH_107_21_000127_000070	衰期的生子
HVH_107_21_000127_000071	麻三月
HVH_107_21_000127_000072	服小功
HVH_107_21_000127_000073	小乳已者
HVH_107_21_000127_000074	解曰為父
HVH_107_21_000127_000075	謂父妾之有
HVH_107_21_000127_000076	父三
HVH_107_21_000127_000077	母八
HVH_107_21_000127_000078	繼
HVH_107_21_000127_000079	目服斯年
HVH_107_21_000127_000080	嫁粥父同居
HVH_107_21_000127_000081	後異或雖同
HVH_107_21_000127_000082	服不期。不
HVH_107_21_000127_000083	同居继父
HVH_107_21_000127_000084	子皆無大功
HVH_107_21_000127_000085	以親乃義
HVH_107_21_000127_000086	同居謂先通
HVH_107_21_000127_000087	居而父有
HVH_107_21_000127_000088	子已有大功
HVH_107_21_000127_000089	有伯叔兄弟
HVH_107_21_000127_000090	有子身亦
HVH_107_21_000127_000091	嫡
HVH_107_21_000127_000092	母
HVH_107_21_000127_000093	弟娣妹小功
HVH_107_21_000127_000094	毋之父母兄
HVH_107_21_000127_000095	母死不服
HVH_107_21_000127_000096	为子则服不
HVH_107_21_000127_000097	林期。庶子为
HVH_107_21_000127_000098	共摘子报服
HVH_107_21_000127_000099	齊衰三年母
HVH_107_21_000127_000100	庶
HVH_107_21_000127_000101	三年為母後
HVH_107_21_000127_000102	為父後者為
HVH_107_21_000127_000103	则降。庶子
HVH_107_21_000127_000104	其母總麻而
HVH_107_21_000127_000105	兄弟娣妹则
HVH_107_21_000127_000106	無服。庶子
HVH_107_21_000127_000107	子者象子爲
HVH_107_21_000127_000108	爲其母齊衰
HVH_107_21_000127_000109	为其母之父母
HVH_107_21_000127_000110	之子为父之
HVH_107_21_000127_000111	母不校期而
HVH_107_21_000127_000112	乳
HVH_107_21_000127_000113	慈
HVH_107_21_000127_000114	母
HVH_107_21_000127_000115	之無子者慈
HVH_107_21_000127_000116	己也同親母
HVH_107_21_000127_000117	義服齊衰三
HVH_107_21_000127_000118	而命也妄
HVH_107_21_000127_000119	年不命则小
HVH_107_21_000127_000120	謂少乳哺日
HVH_107_21_000127_000121	乳母義服
HVH_107_21_000127_000122	功日找慈母育
HVH_107_21_000127_000123	會或生母子
HVH_107_21_000127_000124	龙不泥
HVH_107_21_000127_000125	思重兴生母之服同
HVH_107_21_000127_000126	母
HVH_107_21_000127_000127	出
HVH_107_21_000127_000128	母
HVH_107_21_000127_000129	為女亦報服
HVH_107_21_000127_000130	出母乃服大功母
HVH_107_21_000127_000131	服极期母为子
HVH_107_21_000127_000132	降服不放期。
HVH_107_21_000127_000133	謂被艾離来降
HVH_107_21_000127_000134	子為父後者則
HVH_107_21_000127_000135	不服。女通人為
HVH_107_21_000127_000136	之
HVH_107_21_000127_000137	妾生子謂圣
HVH_107_21_000127_000138	正室曰摘母
HVH_107_21_000127_000139	之服麻
HVH_107_21_000127_000140	生之眾庶子
HVH_107_21_000127_000141	謂庶子無毋
HVH_107_21_000127_000142	4
HVH_107_21_000127_000143	'
